cell,model,n_heldout_policy_seeds,mean_mae,sd_mae,mean_rmse,sd_rmse,mean_spearman,sd_spearman
CQL_HalfCheetah,action_only_sensitivity,5,0.0022561207135052665,0.0006307044908640949,0.004529616644542331,0.0023735470301828217,-0.8854495051104634,0.01138123178319495
CQL_HalfCheetah,primary_3feature,5,0.0034537963467415485,0.0030824177083584995,0.00551313459417982,0.003218893889645811,-0.8099467934183636,0.17585698682213563
CQL_Hopper,action_only_sensitivity,5,0.10431215096822835,0.08699251391015984,0.23663411754442873,0.20679368156873532,-0.8571029579868344,0.04510262202245516
CQL_Hopper,primary_3feature,5,0.11960783825003667,0.08209587256678107,0.2492026938232012,0.19979071446327162,-0.7213467239754795,0.14730663991372298
CQL_Walker2d,action_only_sensitivity,5,0.10571252436636498,0.046210194457689965,0.23278863190303295,0.1306817006407393,-0.8116906764570025,0.02173052599815358
CQL_Walker2d,primary_3feature,5,0.11094985671519475,0.04366192217494715,0.23742252845781678,0.12582323757454997,-0.6712559971030263,0.09260012155247967
IQL_HalfCheetah,action_only_sensitivity,5,0.013246085545046355,0.003493580657926102,0.026052726693806882,0.010085317118154101,-0.929628349704911,0.022714483540974523
IQL_HalfCheetah,primary_3feature,5,0.015602644262324997,0.005109573726580076,0.027280609639772562,0.010594890820736225,-0.9209596471605177,0.02353138777114417
IQL_Hopper,action_only_sensitivity,5,0.029189840598233978,0.01066546045349461,0.07073313081781474,0.040997688224809835,-0.8905577990803526,0.01827266380865935
IQL_Hopper,primary_3feature,5,0.03076185897040811,0.010720274615540265,0.07120240410486652,0.04085565287621849,-0.863823735648447,0.03881197644086127
IQL_Walker2d,action_only_sensitivity,5,0.032247889319722015,0.014533520148821906,0.08633467679964399,0.043640142217327274,-0.7971800131328121,0.06556409981986439
IQL_Walker2d,primary_3feature,5,0.03477987527287103,0.012801275707179902,0.08639413017043761,0.0416709495033365,-0.7122817498294314,0.0807213626058368
