cell,model,policy_seed,decile_adjacent_violations,max_possible_adjacent_violations,monotonic_non_decreasing
CQL_HalfCheetah,action_only_sensitivity,0,0,9,True
CQL_HalfCheetah,action_only_sensitivity,1,0,9,True
CQL_HalfCheetah,action_only_sensitivity,2,0,9,True
CQL_HalfCheetah,action_only_sensitivity,3,0,9,True
CQL_HalfCheetah,action_only_sensitivity,4,0,9,True
CQL_HalfCheetah,primary_3feature,0,0,9,True
CQL_HalfCheetah,primary_3feature,1,0,9,True
CQL_HalfCheetah,primary_3feature,2,4,9,False
CQL_HalfCheetah,primary_3feature,3,0,9,True
CQL_HalfCheetah,primary_3feature,4,0,9,True
CQL_Hopper,action_only_sensitivity,0,0,9,True
CQL_Hopper,action_only_sensitivity,1,0,9,True
CQL_Hopper,action_only_sensitivity,2,0,9,True
CQL_Hopper,action_only_sensitivity,3,0,9,True
CQL_Hopper,action_only_sensitivity,4,0,9,True
CQL_Hopper,primary_3feature,0,2,9,False
CQL_Hopper,primary_3feature,1,1,9,False
CQL_Hopper,primary_3feature,2,0,9,True
CQL_Hopper,primary_3feature,3,2,9,False
CQL_Hopper,primary_3feature,4,0,9,True
CQL_Walker2d,action_only_sensitivity,0,0,9,True
CQL_Walker2d,action_only_sensitivity,1,0,9,True
CQL_Walker2d,action_only_sensitivity,2,0,9,True
CQL_Walker2d,action_only_sensitivity,3,0,9,True
CQL_Walker2d,action_only_sensitivity,4,0,9,True
CQL_Walker2d,primary_3feature,0,1,9,False
CQL_Walker2d,primary_3feature,1,2,9,False
CQL_Walker2d,primary_3feature,2,1,9,False
CQL_Walker2d,primary_3feature,3,0,9,True
CQL_Walker2d,primary_3feature,4,2,9,False
IQL_HalfCheetah,action_only_sensitivity,0,0,9,True
IQL_HalfCheetah,action_only_sensitivity,1,0,9,True
IQL_HalfCheetah,action_only_sensitivity,2,0,9,True
IQL_HalfCheetah,action_only_sensitivity,3,0,9,True
IQL_HalfCheetah,action_only_sensitivity,4,0,9,True
IQL_HalfCheetah,primary_3feature,0,1,9,False
IQL_HalfCheetah,primary_3feature,1,0,9,True
IQL_HalfCheetah,primary_3feature,2,1,9,False
IQL_HalfCheetah,primary_3feature,3,0,9,True
IQL_HalfCheetah,primary_3feature,4,0,9,True
IQL_Hopper,action_only_sensitivity,0,0,9,True
IQL_Hopper,action_only_sensitivity,1,0,9,True
IQL_Hopper,action_only_sensitivity,2,0,9,True
IQL_Hopper,action_only_sensitivity,3,0,9,True
IQL_Hopper,action_only_sensitivity,4,0,9,True
IQL_Hopper,primary_3feature,0,0,9,True
IQL_Hopper,primary_3feature,1,0,9,True
IQL_Hopper,primary_3feature,2,1,9,False
IQL_Hopper,primary_3feature,3,0,9,True
IQL_Hopper,primary_3feature,4,1,9,False
IQL_Walker2d,action_only_sensitivity,0,0,9,True
IQL_Walker2d,action_only_sensitivity,1,0,9,True
IQL_Walker2d,action_only_sensitivity,2,0,9,True
IQL_Walker2d,action_only_sensitivity,3,0,9,True
IQL_Walker2d,action_only_sensitivity,4,0,9,True
IQL_Walker2d,primary_3feature,0,0,9,True
IQL_Walker2d,primary_3feature,1,1,9,False
IQL_Walker2d,primary_3feature,2,0,9,True
IQL_Walker2d,primary_3feature,3,0,9,True
IQL_Walker2d,primary_3feature,4,1,9,False
