cell,model,test_seed,n_train_records,n_test_records,mae,rmse,spearman_reliability_vs_C10,train_prediction_min,train_prediction_max,test_prediction_min,test_prediction_max,reliability_min,reliability_max
CQL_HalfCheetah,action_only_sensitivity,0,2800,700,0.0033148646042292867,0.008683367640926464,-0.884265355107183,-0.0002498129846735331,0.031207134709889516,-0.0002498129846735331,0.0641670947352035,0.0,0.8571428571428572
CQL_HalfCheetah,action_only_sensitivity,1,2800,700,0.0018889566644853639,0.003182583889118281,-0.8846140967492122,-0.001159258364249223,0.08348364068313961,-0.001159258364249223,0.023472858017183528,0.020714285714285685,0.8571428571428572
CQL_HalfCheetah,action_only_sensitivity,2,2800,700,0.0023387730653333366,0.00431696611385945,-0.8723477399840392,-0.0009498816136152685,0.08697154496151219,-0.0009498816136152685,0.030823677023181246,0.010357142857142843,0.8571428571428572
CQL_HalfCheetah,action_only_sensitivity,3,2800,700,0.0017488892594094794,0.0030638469857635765,-0.8822852853236386,-0.0009492555778079768,0.08430510442777758,-0.0009492555778079768,0.03656928081298176,0.005357142857142838,0.8571428571428572
CQL_HalfCheetah,action_only_sensitivity,4,2800,700,0.0019891199740688643,0.0034013185930438883,-0.9037350483882441,-0.0011729439508255343,0.08722304145377649,-0.0011729439508255343,0.0419937957718249,0.004285714285714337,0.8571428571428572
CQL_HalfCheetah,primary_3feature,0,2800,700,0.0032161818383667226,0.008602524369844365,-0.8834228845593722,-0.0009550309064432711,0.031710956054193454,-3.710448435640702e-07,0.06485891126162739,0.0,0.8121428571428572
CQL_HalfCheetah,primary_3feature,1,2800,700,0.0015272571759445506,0.0030547367580927194,-0.8842558891319667,-0.0019594294057841887,0.08348877678419922,-0.000349286568494595,0.02414563402384545,0.020000000000000018,0.6957142857142857
CQL_HalfCheetah,primary_3feature,2,2800,700,0.008842367022485836,0.009437920209664026,-0.4958155442277832,-0.0016661343354800523,0.08699126942338736,-0.01052033345408903,0.021044329226037554,0.029642857142857193,1.0
CQL_HalfCheetah,primary_3feature,3,2800,700,0.0018736461751343641,0.0030408677165133513,-0.8815398065351439,-0.002051242416600225,0.0845921872390633,-0.0013906364885279687,0.03616396023489267,0.005714285714285672,0.9235714285714286
CQL_HalfCheetah,primary_3feature,4,2800,700,0.0018095295217762702,0.0034296239167846375,-0.9046998426375519,-0.0021618164539616105,0.08754911244322344,-0.0007239968582760021,0.04239912532160522,0.004285714285714337,0.7717857142857143
CQL_Hopper,action_only_sensitivity,0,2800,700,0.02450265455448027,0.03904775090576489,-0.8300215784062559,0.00287684396273237,1.2502404689559254,0.00287684396273237,0.2118458352262535,0.1271428571428571,0.8571428571428572
CQL_Hopper,action_only_sensitivity,1,2800,700,0.07669404990012019,0.22162387615954568,-0.8795332421911504,-0.0022051484468517124,1.1266298921881688,-0.0022051484468517124,0.9536912502725228,0.001071428571428612,0.8571428571428572
CQL_Hopper,action_only_sensitivity,2,2800,700,0.17056600816691436,0.30378544534162355,-0.9252819359267331,-0.016542352612122654,1.6853409508864028,-0.016542352612122654,1.993241877807201,0.0,0.8571428571428572
CQL_Hopper,action_only_sensitivity,3,2800,700,0.21950679733105297,0.550916648496417,-0.8361602532168326,-0.002355465060394725,0.7143547013085361,-0.002355465060394725,0.58895060396545,0.0017857142857142794,0.8571428571428572
CQL_Hopper,action_only_sensitivity,4,2800,700,0.030291244888573984,0.06779686681879257,-0.8145177801932004,0.0010475249191247843,1.2889150356534356,0.0010475249191247843,0.7054623322786556,0.011071428571428621,0.8571428571428572
CQL_Hopper,primary_3feature,0,2800,700,0.05873885378923055,0.07503242785414652,-0.4668106204143474,-0.08687943112151812,1.2468802486086417,-0.17657573921374892,0.1846655873124638,0.16000000000000003,1.0
CQL_Hopper,primary_3feature,1,2800,700,0.07890598067536003,0.22316135678855212,-0.8213148636373458,-0.07206024753829468,1.0936338742778662,-0.04012329395776902,0.9236733375632487,0.0014285714285714457,0.9564285714285714
CQL_Hopper,primary_3feature,2,2800,700,0.18827009581633863,0.31834021805321033,-0.8240202392749727,-0.05998372156551905,1.652952365644362,-0.04037207125387875,1.9463405017145743,0.0,0.9685714285714285
CQL_Hopper,primary_3feature,3,2800,700,0.2264536721539163,0.554824802759212,-0.7393453620660225,-0.10734543152276574,0.7516863916730543,-0.030464256001693057,0.5994300329037423,0.0017857142857142794,0.9164285714285714
CQL_Hopper,primary_3feature,4,2800,700,0.0456705888153378,0.07465466366088525,-0.7552425344847088,-0.09295900561112941,1.2673732868885978,0.001643050711653618,0.7041888101596192,0.011071428571428621,0.8067857142857142
CQL_Walker2d,action_only_sensitivity,0,2800,700,0.1363533945250941,0.30880920402779294,-0.8076165603393833,0.018810043864788274,0.9257376582065858,0.018810043864788274,0.6216076053002552,0.003214285714285725,0.8571428571428572
CQL_Walker2d,action_only_sensitivity,1,2800,700,0.0516175247930475,0.07218423707257814,-0.8302709624648226,0.031067259769515534,1.1965186015818692,0.031067259769515534,0.478110235819176,0.023214285714285743,0.8571428571428572
CQL_Walker2d,action_only_sensitivity,2,2800,700,0.062308864323105166,0.11311113211565188,-0.8290379530521539,0.029051944228398893,1.1550594401503846,0.029051944228398893,0.6737393133010223,0.0071428571428571175,0.8571428571428572
CQL_Walker2d,action_only_sensitivity,3,2800,700,0.1558377760872038,0.3070456441623828,-0.7768062561154276,0.001162657453295468,1.3107403732397713,0.001162657453295468,1.971462920024213,0.0,0.8571428571428572
CQL_Walker2d,action_only_sensitivity,4,2800,700,0.1224450621033743,0.36279294213675917,-0.8147216503132255,0.02207760170761682,1.0062552791335742,0.02207760170761682,0.6529219394003564,0.0050000000000000044,0.8571428571428572
CQL_Walker2d,primary_3feature,0,2800,700,0.13919325441804606,0.3098239873266495,-0.6923648929443736,-0.00547889466702535,0.9283000489191616,-0.004645186822399672,0.6080492587975809,0.003928571428571392,0.9978571428571429
CQL_Walker2d,primary_3feature,1,2800,700,0.06443080016116334,0.08704508646872375,-0.5580368310257111,-0.012847776288516688,1.204444813582537,-0.011854459969289605,0.48186248478626026,0.023214285714285743,0.9971428571428571
CQL_Walker2d,primary_3feature,2,2800,700,0.06746016916410338,0.1174241610971551,-0.5923168061542693,0.00019856705463422442,1.1629189732218683,0.0010730538060075567,0.6655378105661353,0.0071428571428571175,0.9942857142857143
CQL_Walker2d,primary_3feature,3,2800,700,0.16262807900956341,0.3092612943889602,-0.7661244432790282,-0.017018688741999063,1.320725626138956,-0.005951638669799836,1.9679007775134998,0.0,0.9792857142857143
CQL_Walker2d,primary_3feature,4,2800,700,0.1210369808230976,0.3635581130075953,-0.747437012111749,0.0007882199539942653,1.0101603052697499,5.521030575292296e-05,0.6611340243252812,0.003928571428571392,1.0
IQL_HalfCheetah,action_only_sensitivity,0,2800,700,0.008755415550983614,0.012800981699298723,-0.958039428781278,-0.009861695514448356,0.3277330054497844,-0.009861695514448356,0.2195052173967603,0.0014285714285714457,0.8571428571428572
IQL_HalfCheetah,action_only_sensitivity,1,2800,700,0.012139777841575192,0.027450721071060113,-0.8999038894216004,-0.00808453989385105,0.3158065934604368,-0.00808453989385105,0.25123907130640755,0.0007142857142856673,0.8571428571428572
IQL_HalfCheetah,action_only_sensitivity,2,2800,700,0.018198521488027062,0.039275216905640765,-0.916069314530789,-0.008367965169345046,0.24651276890711898,-0.008367965169345046,0.2834332098779022,0.0,0.8571428571428572
IQL_HalfCheetah,action_only_sensitivity,3,2800,700,0.012407311479739343,0.02019533165128141,-0.9307949375976846,-0.009238568031165639,0.33146681388335225,-0.009238568031165639,0.21203408938862336,0.002142857142857113,0.8571428571428572
IQL_HalfCheetah,action_only_sensitivity,4,2800,700,0.014729401364906554,0.030541382141753417,-0.943334178193203,-0.007431201859420946,0.31428440715813394,-0.007431201859420946,0.2735790119513155,0.00035714285714283367,0.8571428571428572
IQL_HalfCheetah,primary_3feature,0,2800,700,0.012334130921180747,0.015024069386057465,-0.940001266904169,-0.013449521589070201,0.3326114148231277,-0.019286370985680142,0.2099205727306841,0.0017857142857142794,1.0
IQL_HalfCheetah,primary_3feature,1,2800,700,0.014340270930107809,0.02788591775264387,-0.8974757295504724,-0.01561482858636376,0.3207663808495255,-0.018530451109960572,0.2412433386890452,0.0007142857142856673,1.0
IQL_HalfCheetah,primary_3feature,2,2800,700,0.024525265068502184,0.04270879583145849,-0.8941666201025638,-0.011800692410460733,0.24466690285148238,-0.01763523286156515,0.2747108933061007,0.0,1.0
IQL_HalfCheetah,primary_3feature,3,2800,700,0.012203161314333001,0.020231897687799136,-0.9296802772002091,-0.014994497254557385,0.335766061439137,-0.012973674205689671,0.2112620532370343,0.002142857142857113,0.9646428571428571
IQL_HalfCheetah,primary_3feature,4,2800,700,0.014610393077501236,0.03055236754090384,-0.9434743420451744,-0.011578400612867155,0.3185945602725745,-0.007228835593111785,0.2712677738640401,0.00035714285714283367,0.8260714285714286
IQL_Hopper,action_only_sensitivity,0,2800,700,0.02469658648786364,0.0746272778847613,-0.9184096423372398,0.0039563348282705205,0.4789836724758306,0.0039563348282705205,0.5489853760568751,0.0,0.8571428571428572
IQL_Hopper,action_only_sensitivity,1,2800,700,0.034595270877780346,0.06538038140382113,-0.8855154582871273,0.001184209746522731,0.6075517444425496,0.001184209746522731,0.5296719303150739,0.00035714285714283367,0.8571428571428572
IQL_Hopper,action_only_sensitivity,2,2800,700,0.04514508586128779,0.13793588839246093,-0.8725725409992867,-0.0018087665454300447,0.5234627850628953,-0.0018087665454300447,0.30649170192156916,0.0071428571428571175,0.8571428571428572
IQL_Hopper,action_only_sensitivity,3,2800,700,0.022850810459487458,0.03887787484885621,-0.8781630814850057,0.004846861809877152,0.547881520389357,0.004846861809877152,0.3481008813966722,0.0050000000000000044,0.8571428571428572
IQL_Hopper,action_only_sensitivity,4,2800,700,0.018661449304750666,0.03684423155917413,-0.8981282722931031,0.0028335505134560665,0.5606924586926223,0.0028335505134560665,0.4173106939620313,0.002142857142857113,0.8571428571428572
IQL_Hopper,primary_3feature,0,2800,700,0.026701118070154573,0.07502205446053697,-0.9091270999330716,-0.022723543565415637,0.47988759187750674,7.407625497772574e-06,0.5489502443229262,0.0,0.9207142857142857
IQL_Hopper,primary_3feature,1,2800,700,0.0386166166227107,0.06707821143800184,-0.8764334466903717,-0.030042283635952592,0.6075020016103585,0.003291252224738396,0.5357988734429786,0.00035714285714283367,0.8489285714285715
IQL_Hopper,primary_3feature,2,2800,700,0.04534251356873339,0.13786170958648306,-0.8507231914053714,-0.013124482058165271,0.524983669993282,-0.01334795549928671,0.3085044462321945,0.0071428571428571175,1.0
IQL_Hopper,primary_3feature,3,2800,700,0.021798749478116462,0.03770999174151373,-0.8777380751567311,-0.006404385896380677,0.5481021735708732,0.001131645066540829,0.3510557620665255,0.0050000000000000044,0.975
IQL_Hopper,primary_3feature,4,2800,700,0.02135029711232541,0.03834005329779692,-0.8050968650566892,-0.03168432588059402,0.5600951246126556,-0.013861435870419693,0.4138414614028543,0.002142857142857113,0.9907142857142857
IQL_Walker2d,action_only_sensitivity,0,2800,700,0.048216473078263794,0.12942915430160012,-0.6909005328319179,-0.0016973929200940346,0.46077175435682116,-0.0016973929200940346,0.537813368177878,0.0,0.8571428571428572
IQL_Walker2d,action_only_sensitivity,1,2800,700,0.02133715784085204,0.040140161462507165,-0.832228775631854,0.00037018077492412954,0.42297603205987033,0.00037018077492412954,0.35426179949003805,0.0017857142857142794,0.8571428571428572
IQL_Walker2d,action_only_sensitivity,2,2800,700,0.04805231019823714,0.1252419104214188,-0.7942707318831852,0.0025718468258398783,0.32811433643094895,0.0025718468258398783,0.28162718441296025,0.001071428571428612,0.8571428571428572
IQL_Walker2d,action_only_sensitivity,3,2800,700,0.023131317885197688,0.09555975699288045,-0.8651856507475588,0.0020498430964532646,0.41965552732853917,0.0020498430964532646,0.23089306166201967,0.00928571428571423,0.8571428571428572
IQL_Walker2d,action_only_sensitivity,4,2800,700,0.020502187596059405,0.041302400819813484,-0.8033143745695445,-0.0005428414076891971,0.4212856592993419,-0.0005428414076891971,0.24344783110125962,0.007857142857142896,0.8571428571428572
IQL_Walker2d,primary_3feature,0,2800,700,0.04605746350972777,0.1270471296867513,-0.6666331865283438,-0.022948364794906147,0.46465509147312045,-0.018985431392296435,0.5251578732507174,0.0,0.9985714285714286
IQL_Walker2d,primary_3feature,1,2800,700,0.024126860601559292,0.04145518719871956,-0.7659073148058453,-0.04569717612363133,0.41166770250168233,-0.025819303705094956,0.3685940981226215,0.0014285714285714457,0.985
IQL_Walker2d,primary_3feature,2,2800,700,0.05119004952753178,0.12326454495469238,-0.6807133993484418,-0.021075163038602903,0.32428607329862685,-0.006847528145090053,0.30157644735330075,0.00035714285714283367,0.9610714285714286
IQL_Walker2d,primary_3feature,3,2800,700,0.02579624757976374,0.09640204462627242,-0.8236500719623325,-0.04548323692073956,0.40728520494917086,-0.007154568484196842,0.23887203896526427,0.007857142857142896,0.8953571428571429
IQL_Walker2d,primary_3feature,4,2800,700,0.026728755145772568,0.04380174438575243,-0.6245047765021929,-0.03825197114983578,0.4074765112399201,-0.028631326210269592,0.2467594977171681,0.0071428571428571175,0.9928571428571429
