cell,model,coverage_percent,mean_observed_C10,sd_observed_C10,mean_retained_reliability,n_policy_seeds
CQL_HalfCheetah,action_only_sensitivity,10,0.00021628099244670314,0.00010055398023029437,0.8096309523809524,5
CQL_HalfCheetah,action_only_sensitivity,20,0.0002978323583596983,0.0001312472952058586,0.7682982142857143,5
CQL_HalfCheetah,action_only_sensitivity,30,0.0004237609636098538,0.0001834992786574398,0.725877380952381,5
CQL_HalfCheetah,action_only_sensitivity,50,0.0007818323701988654,0.0003598537752684354,0.6407228571428571,5
CQL_HalfCheetah,action_only_sensitivity,70,0.0014471402069395184,0.0006141893545730706,0.5552188775510204,5
CQL_HalfCheetah,action_only_sensitivity,90,0.002447785750493543,0.0009991796796642017,0.47011362433862436,5
CQL_HalfCheetah,action_only_sensitivity,100,0.004003920287794861,0.0019291978570241787,0.42857142857142855,5
CQL_HalfCheetah,primary_3feature,10,0.0004777937045074173,0.0005468399903888014,0.8043250000000001,5
CQL_HalfCheetah,primary_3feature,20,0.0005382336689376747,0.0005014040230777582,0.7827619047619048,5
CQL_HalfCheetah,primary_3feature,30,0.0006330814760211452,0.0004474895537227416,0.7558849206349206,5
CQL_HalfCheetah,primary_3feature,50,0.0009384277801391825,0.0004179682893907205,0.6929983333333334,5
CQL_HalfCheetah,primary_3feature,70,0.0014916732705311862,0.0005642822868362621,0.6276122448979592,5
CQL_HalfCheetah,primary_3feature,90,0.002447785750493543,0.0009991796796642017,0.5543175925925926,5
CQL_HalfCheetah,primary_3feature,100,0.004003920287794861,0.0019291978570241787,0.5069954761904762,5
CQL_Hopper,action_only_sensitivity,10,0.0010309951351216728,0.0007814054337169505,0.7812583333333334,5
CQL_Hopper,action_only_sensitivity,20,0.0017113725761419753,0.00110373469380177,0.7384630952380953,5
CQL_Hopper,action_only_sensitivity,30,0.006490794210085066,0.010020686874902783,0.6985976190476191,5
CQL_Hopper,action_only_sensitivity,50,0.016484791457468267,0.027841319112336314,0.6214645238095239,5
CQL_Hopper,action_only_sensitivity,70,0.03138411972625177,0.04379743661491523,0.542102380952381,5
CQL_Hopper,action_only_sensitivity,90,0.057683725147525275,0.07968317815529788,0.4659378306878306,5
CQL_Hopper,action_only_sensitivity,100,0.08819294706800314,0.11158078113285048,0.42857142857142855,5
CQL_Hopper,primary_3feature,10,0.013787060317125888,0.027256776576855466,0.856670238095238,5
CQL_Hopper,primary_3feature,20,0.014373463170435983,0.027560273179067212,0.819554761904762,5
CQL_Hopper,primary_3feature,30,0.02243886318561921,0.044477415797365506,0.7777607142857142,5
CQL_Hopper,primary_3feature,50,0.019930848744445926,0.034913627874479346,0.6869090476190476,5
CQL_Hopper,primary_3feature,70,0.03484752988855165,0.05142319968743696,0.5983977891156462,5
CQL_Hopper,primary_3feature,90,0.06042839945624005,0.08513583125780198,0.5155833333333334,5
CQL_Hopper,primary_3feature,100,0.08819294706800315,0.11158078113285051,0.47400119047619055,5
CQL_Walker2d,action_only_sensitivity,10,0.004275715392980015,0.0021008753518934184,0.8079285714285716,5
CQL_Walker2d,action_only_sensitivity,20,0.008595941816323772,0.0054515501794395495,0.7655285714285714,5
CQL_Walker2d,action_only_sensitivity,30,0.012537641960147238,0.008871190324791714,0.7227980158730158,5
CQL_Walker2d,action_only_sensitivity,50,0.02545423648141294,0.01827048047541999,0.6386945238095237,5
CQL_Walker2d,action_only_sensitivity,70,0.04233665575478268,0.028228546544296497,0.5538139455782313,5
CQL_Walker2d,action_only_sensitivity,90,0.0745446699036237,0.045451742224906194,0.46978333333333333,5
CQL_Walker2d,action_only_sensitivity,100,0.10905753153801778,0.06639214566915085,0.42857142857142855,5
CQL_Walker2d,primary_3feature,10,0.016541677379474852,0.017426932113074216,0.8696511904761905,5
CQL_Walker2d,primary_3feature,20,0.021682660152244293,0.014105904317536172,0.8066547619047618,5
CQL_Walker2d,primary_3feature,30,0.023171799156453787,0.014394522396652148,0.7522416666666667,5
CQL_Walker2d,primary_3feature,50,0.029418344050123092,0.01748457748383645,0.6517738095238095,5
CQL_Walker2d,primary_3feature,70,0.04480289606996288,0.027788703032572522,0.5590141156462586,5
CQL_Walker2d,primary_3feature,90,0.07422661273001993,0.04408540950768815,0.47235396825396825,5
CQL_Walker2d,primary_3feature,100,0.10905753153801775,0.06639214566915085,0.43070964285714286,5
IQL_HalfCheetah,action_only_sensitivity,10,0.0006367523778875483,0.0004489621802031126,0.8110904761904763,5
IQL_HalfCheetah,action_only_sensitivity,20,0.0010097867693087555,0.0006998635270032198,0.7684714285714286,5
IQL_HalfCheetah,action_only_sensitivity,30,0.0014376186905574614,0.0009954707901815745,0.7264595238095237,5
IQL_HalfCheetah,action_only_sensitivity,50,0.002695367843620935,0.0017594302121098002,0.6416390476190477,5
IQL_HalfCheetah,action_only_sensitivity,70,0.004850816970220531,0.0030692907164334886,0.5565712585034014,5
IQL_HalfCheetah,action_only_sensitivity,90,0.010054441824549851,0.006259519022721281,0.47125436507936513,5
IQL_HalfCheetah,action_only_sensitivity,100,0.02057297685267755,0.009053094085023177,0.42857142857142855,5
IQL_HalfCheetah,primary_3feature,10,0.0008399745054185384,0.0007494919629070214,0.910177380952381,5
IQL_HalfCheetah,primary_3feature,20,0.0010121610627590676,0.0007283715609372967,0.8989410714285715,5
IQL_HalfCheetah,primary_3feature,30,0.0013841532101713711,0.0008795373725140357,0.8777317460317459,5
IQL_HalfCheetah,primary_3feature,50,0.0026976131124971684,0.0017580696198656494,0.7889869047619047,5
IQL_HalfCheetah,primary_3feature,70,0.004802067879384245,0.002969615795002998,0.6803139455782313,5
IQL_HalfCheetah,primary_3feature,90,0.010054441824549853,0.006259519022721283,0.573202380952381,5
IQL_HalfCheetah,primary_3feature,100,0.020572976852677553,0.009053094085023177,0.5209770238095238,5
IQL_Hopper,action_only_sensitivity,10,0.00211180701053519,0.001139510056143268,0.801395238095238,5
IQL_Hopper,action_only_sensitivity,20,0.0034310811939676743,0.0015416782354181484,0.7601434523809524,5
IQL_Hopper,action_only_sensitivity,30,0.005578272171743065,0.0018080033535808218,0.7209293650793651,5
IQL_Hopper,action_only_sensitivity,50,0.012456905890746607,0.00491379762705785,0.6372019047619047,5
IQL_Hopper,action_only_sensitivity,70,0.0225665990046748,0.007951183061338907,0.5532523809523809,5
IQL_Hopper,action_only_sensitivity,90,0.04105687311582533,0.011410008523147929,0.4699439153439154,5
IQL_Hopper,action_only_sensitivity,100,0.05885808667722133,0.014405893211608591,0.42857142857142855,5
IQL_Hopper,primary_3feature,10,0.002458437469017351,0.0014231359277648542,0.8500500000000001,5
IQL_Hopper,primary_3feature,20,0.003831688683298361,0.0015509172718647499,0.7967827380952381,5
IQL_Hopper,primary_3feature,30,0.0061372151465692425,0.0020076761862971083,0.7489226190476191,5
IQL_Hopper,primary_3feature,50,0.012416604811727466,0.004677375409574585,0.6545542857142856,5
IQL_Hopper,primary_3feature,70,0.02254849799446676,0.007532806000743986,0.5659576530612245,5
IQL_Hopper,primary_3feature,90,0.04092068416045695,0.011259493058628273,0.48008531746031746,5
IQL_Hopper,primary_3feature,100,0.058858086677221325,0.014405893211608593,0.43781619047619047,5
IQL_Walker2d,action_only_sensitivity,10,0.0024469736571232086,0.0011299014995238403,0.8065071428571429,5
IQL_Walker2d,action_only_sensitivity,20,0.0036122905142133414,0.0018930149210206282,0.7663083333333333,5
IQL_Walker2d,action_only_sensitivity,30,0.004955515529248748,0.0025155045480177553,0.7234936507936508,5
IQL_Walker2d,action_only_sensitivity,50,0.008822891172360825,0.004655029567117016,0.639177619047619,5
IQL_Walker2d,action_only_sensitivity,70,0.016207078598027374,0.007137152207018101,0.553912925170068,5
IQL_Walker2d,action_only_sensitivity,90,0.02714964423468787,0.013224952338651102,0.4700853174603175,5
IQL_Walker2d,action_only_sensitivity,100,0.041506401677364455,0.018587195364816275,0.42857142857142855,5
IQL_Walker2d,primary_3feature,10,0.004066019497418397,0.002666780896116583,0.8799095238095237,5
IQL_Walker2d,primary_3feature,20,0.005539069674468697,0.0036271177949915062,0.8197214285714285,5
IQL_Walker2d,primary_3feature,30,0.006391699188366168,0.0036170489398620305,0.7623460317460318,5
IQL_Walker2d,primary_3feature,50,0.010307273698524926,0.004659487526767786,0.6615685714285714,5
IQL_Walker2d,primary_3feature,70,0.016288856378243993,0.007127601721543088,0.5674670068027211,5
IQL_Walker2d,primary_3feature,90,0.028206647706623938,0.014689834979761734,0.47852539682539685,5
IQL_Walker2d,primary_3feature,100,0.041506401677364455,0.018587195364816275,0.4357608333333333,5
