cell,model,policy_seed,coverage_percent,coverage,n_total,n_retained,mean_observed_C10,median_observed_C10,mean_reliability_score
IQL_Hopper,primary_3feature,0,10,0.1,700,70,0.00018764889822830977,0.0,0.8444030612244897
IQL_Hopper,primary_3feature,0,20,0.2,700,140,0.0008878500969598508,4.440892098500626e-16,0.8023622448979592
IQL_Hopper,primary_3feature,0,30,0.3,700,210,0.0017872603947307424,0.00012300898389461246,0.7575544217687075
IQL_Hopper,primary_3feature,0,50,0.5,700,350,0.005532319309126305,0.0026069331284059305,0.6640857142857143
IQL_Hopper,primary_3feature,0,70,0.7,700,490,0.01381715388533159,0.006346896006371061,0.5694088921282799
IQL_Hopper,primary_3feature,0,90,0.9,700,630,0.03377436847092128,0.010742719098810805,0.47373242630385487
IQL_Hopper,primary_3feature,0,100,1.0,700,700,0.05553887144377157,0.01503704151074925,0.4291857142857143
IQL_Hopper,primary_3feature,1,10,0.1,700,70,2.4259103500339537e-05,0.0,0.8050408163265308
IQL_Hopper,primary_3feature,1,20,0.2,700,140,0.001538703628335221,0.0,0.7359693877551021
IQL_Hopper,primary_3feature,1,30,0.3,700,210,0.003162510964569722,0.00019120412476181237,0.6784472789115645
IQL_Hopper,primary_3feature,1,50,0.5,700,350,0.009153263456321224,0.004317909998138969,0.5796683673469388
IQL_Hopper,primary_3feature,1,70,0.7,700,490,0.01873385078681538,0.008827719790262645,0.48780903790087465
IQL_Hopper,primary_3feature,1,90,0.9,700,630,0.03937371058097168,0.015050144833240076,0.40149999999999997
IQL_Hopper,primary_3feature,1,100,1.0,700,700,0.05808789466062632,0.020470663884599505,0.3626591836734694
IQL_Hopper,primary_3feature,2,10,0.1,700,70,0.00025018313664943684,8.881784197001252e-16,0.9900510204081635
IQL_Hopper,primary_3feature,2,20,0.2,700,140,0.0008516026914239456,9.702873772132747e-05,0.9581709183673468
IQL_Hopper,primary_3feature,2,30,0.3,700,210,0.0015296101608191044,0.0003924779727386696,0.9169370748299319
IQL_Hopper,primary_3feature,2,50,0.5,700,350,0.01069667828463699,0.0013990021009280262,0.8282091836734694
IQL_Hopper,primary_3feature,2,70,0.7,700,490,0.0213566213738732,0.0033705021605423546,0.7366282798833819
IQL_Hopper,primary_3feature,2,90,0.9,700,630,0.04255542471074651,0.006345623987896953,0.639233560090703
IQL_Hopper,primary_3feature,2,100,1.0,700,700,0.06389280624080172,0.00807888003296564,0.5861005102040816
IQL_Hopper,primary_3feature,3,10,0.1,700,70,0.0001172186638170647,0.0,0.9600765306122451
IQL_Hopper,primary_3feature,3,20,0.2,700,140,0.0006774561025138206,1.7763568394002505e-15,0.9139413265306123
IQL_Hopper,primary_3feature,3,30,0.3,700,210,0.0012711378590671465,0.00015326491112843676,0.8634982993197279
IQL_Hopper,primary_3feature,3,50,0.5,700,350,0.004134718740597042,0.0015191294250995746,0.7678999999999999
IQL_Hopper,primary_3feature,3,70,0.7,700,490,0.009485267885357156,0.0033535065038647893,0.6695583090379008
IQL_Hopper,primary_3feature,3,90,0.9,700,630,0.022256321875552525,0.006974844037276329,0.5705924036281179
IQL_Hopper,primary_3feature,3,100,1.0,700,700,0.03848033856428646,0.008632040431297727,0.5209010204081633
IQL_Hopper,primary_3feature,4,10,0.1,700,70,0.0005722143192706935,0.0,0.9796173469387756
IQL_Hopper,primary_3feature,4,20,0.2,700,140,0.0020424709333521467,0.0005026257522928734,0.9586173469387755
IQL_Hopper,primary_3feature,4,30,0.3,700,210,0.004441823293762788,0.00149718583213021,0.9334710884353741
IQL_Hopper,primary_3feature,4,50,0.5,700,350,0.005952009539460507,0.0019438354433803373,0.8407408163265306
IQL_Hopper,primary_3feature,4,70,0.7,700,490,0.012625709206933435,0.004041503206148933,0.7395983965014578
IQL_Hopper,primary_3feature,4,90,0.9,700,630,0.02494965645952377,0.007352832309895363,0.6351995464852608
IQL_Hopper,primary_3feature,4,100,1.0,700,700,0.036249031992891326,0.009994057897828368,0.5816892857142857
IQL_Hopper,action_only_sensitivity,0,10,0.1,700,70,4.520193743116708e-16,0.0,0.8571428571428571
IQL_Hopper,action_only_sensitivity,0,20,0.2,700,140,0.0003566330531849032,0.0,0.8472244897959186
IQL_Hopper,action_only_sensitivity,0,30,0.3,700,210,0.0015816223405103564,9.752218109659871e-05,0.8028027210884355
IQL_Hopper,action_only_sensitivity,0,50,0.5,700,350,0.005571872031416609,0.0026266297333661925,0.705157142857143
IQL_Hopper,action_only_sensitivity,0,70,0.7,700,490,0.014006778374245726,0.006450670405711678,0.6037033527696793
IQL_Hopper,action_only_sensitivity,0,90,0.9,700,630,0.03374265934858199,0.010742719098810805,0.5017244897959185
IQL_Hopper,action_only_sensitivity,0,100,1.0,700,700,0.05553887144377157,0.01503704151074925,0.4544857142857143
IQL_Hopper,action_only_sensitivity,1,10,0.1,700,70,4.789819334811389e-16,0.0,0.8571428571428571
IQL_Hopper,action_only_sensitivity,1,20,0.2,700,140,0.0008624659025079496,0.0,0.8283035714285716
IQL_Hopper,action_only_sensitivity,1,30,0.3,700,210,0.0030405454751680485,0.00019120412476181237,0.7644744897959186
IQL_Hopper,action_only_sensitivity,1,50,0.5,700,350,0.008954276665499545,0.004215302054320524,0.6496061224489798
IQL_Hopper,action_only_sensitivity,1,70,0.7,700,490,0.018809114512876045,0.008827719790262645,0.5439380466472304
IQL_Hopper,action_only_sensitivity,1,90,0.9,700,630,0.03990450865936064,0.015050144833240076,0.4465136054421769
IQL_Hopper,action_only_sensitivity,1,100,1.0,700,700,0.058087894660626305,0.020470663884599505,0.4032173469387756
IQL_Hopper,action_only_sensitivity,2,10,0.1,700,70,5.78049474732215e-06,0.0,0.8571428571428571
IQL_Hopper,action_only_sensitivity,2,20,0.2,700,140,0.000254529650200086,0.0,0.8534387755102042
IQL_Hopper,action_only_sensitivity,2,30,0.3,700,210,0.0010773675706976695,5.691946495156586e-05,0.835528911564626
IQL_Hopper,action_only_sensitivity,2,50,0.5,700,350,0.01180026821431425,0.001422745548685489,0.7727377551020408
IQL_Hopper,action_only_sensitivity,2,70,0.7,700,490,0.024699133207151162,0.0033705021605423546,0.6924263848396501
IQL_Hopper,action_only_sensitivity,2,90,0.9,700,630,0.04268794139119043,0.006345623987896953,0.6037976190476191
IQL_Hopper,action_only_sensitivity,2,100,1.0,700,700,0.06389280624080172,0.00807888003296564,0.5540234693877552
IQL_Hopper,action_only_sensitivity,3,10,0.1,700,70,3.108624468950438e-16,0.0,0.8571428571428571
IQL_Hopper,action_only_sensitivity,3,20,0.2,700,140,0.00037508413687198215,0.0,0.8470433673469389
IQL_Hopper,action_only_sensitivity,3,30,0.3,700,210,0.0012980360966518493,0.00015326491112843676,0.8164251700680273
IQL_Hopper,action_only_sensitivity,3,50,0.5,700,350,0.004245935966183645,0.0015191294250995746,0.7362928571428571
IQL_Hopper,action_only_sensitivity,3,70,0.7,700,490,0.009881843496911213,0.0033535065038647893,0.645643586005831
IQL_Hopper,action_only_sensitivity,3,90,0.9,700,630,0.0221188576992704,0.006974844037276329,0.5516383219954648
IQL_Hopper,action_only_sensitivity,3,100,1.0,700,700,0.03848033856428646,0.008632040431297727,0.5038035714285715
IQL_Hopper,action_only_sensitivity,4,10,0.1,700,70,2.283887364943179e-16,0.0,0.8571428571428571
IQL_Hopper,action_only_sensitivity,4,20,0.2,700,140,0.0003635793165273404,0.0,0.8522423469387758
IQL_Hopper,action_only_sensitivity,4,30,0.3,700,210,0.0012629011704141293,0.00012045394634030426,0.8298639455782314
IQL_Hopper,action_only_sensitivity,4,50,0.5,700,350,0.004839860787726462,0.0020382816295912987,0.7600724489795919
IQL_Hopper,action_only_sensitivity,4,70,0.7,700,490,0.011570913186608646,0.004114760815664864,0.6739475218658894
IQL_Hopper,action_only_sensitivity,4,90,0.9,700,630,0.024880745541506953,0.007389350820147911,0.5822290249433107
IQL_Hopper,action_only_sensitivity,4,100,1.0,700,700,0.03624903199289133,0.009994057897828368,0.5334494897959184
IQL_HalfCheetah,primary_3feature,0,10,0.1,700,70,0.00046461472629138545,0.00012238125284769197,1.0
IQL_HalfCheetah,primary_3feature,0,20,0.2,700,140,0.00045197292855771057,0.00010529329116804043,1.0
IQL_HalfCheetah,primary_3feature,0,30,0.3,700,210,0.0004641736344733876,0.00010251600351396384,1.0
IQL_HalfCheetah,primary_3feature,0,50,0.5,700,350,0.0014680723424112284,0.0008356970714430423,0.9458316326530612
IQL_HalfCheetah,primary_3feature,0,70,0.7,700,490,0.003568917337740875,0.001840084680015397,0.8384679300291545
IQL_HalfCheetah,primary_3feature,0,90,0.9,700,630,0.00889195987797527,0.0033884607157016466,0.7087539682539682
IQL_HalfCheetah,primary_3feature,0,100,1.0,700,700,0.017149367715058168,0.004535538916321191,0.6441418367346939
IQL_HalfCheetah,primary_3feature,1,10,0.1,700,70,2.669191545568201e-05,5.551115123125783e-16,1.0
IQL_HalfCheetah,primary_3feature,1,20,0.2,700,140,0.00015478246134056548,8.326672684688674e-16,0.9996352040816328
IQL_HalfCheetah,primary_3feature,1,30,0.3,700,210,0.0003950946133766255,8.828859158996338e-05,0.9988248299319727
IQL_HalfCheetah,primary_3feature,1,50,0.5,700,350,0.0010667818291349022,0.0006425728356493909,0.9523193877551019
IQL_HalfCheetah,primary_3feature,1,70,0.7,700,490,0.002202731111935738,0.0011474321326248316,0.8457361516034986
IQL_HalfCheetah,primary_3feature,1,90,0.9,700,630,0.004628917256728229,0.0018430940506741211,0.7220544217687075
IQL_HalfCheetah,primary_3feature,1,100,1.0,700,700,0.01335716867884611,0.0023479621624062086,0.6577994897959184
IQL_HalfCheetah,primary_3feature,2,10,0.1,700,70,0.0009835417957480533,2.804340579085074e-05,1.0
IQL_HalfCheetah,primary_3feature,2,20,0.2,700,140,0.0011792301214980452,0.0002599479570548624,1.0
IQL_HalfCheetah,primary_3feature,2,30,0.3,700,210,0.0012383864702694084,0.0002154049008070147,1.0
IQL_HalfCheetah,primary_3feature,2,50,0.5,700,350,0.003187850607500739,0.0018995231443166283,0.9539704081632653
IQL_HalfCheetah,primary_3feature,2,70,0.7,700,490,0.006731755470124134,0.0034596217399229523,0.8139956268221574
IQL_HalfCheetah,primary_3feature,2,90,0.9,700,630,0.015884629561091202,0.005651273539068635,0.678095238095238
IQL_HalfCheetah,primary_3feature,2,100,1.0,700,700,0.03108769991438266,0.007857884498207984,0.6146668367346939
IQL_HalfCheetah,primary_3feature,3,10,0.1,700,70,2.6830380296765418e-05,5.551115123125783e-16,0.828494897959184
IQL_HalfCheetah,primary_3feature,3,20,0.2,700,140,9.743883138160889e-05,7.771561172376096e-16,0.8158750000000001
IQL_HalfCheetah,primary_3feature,3,30,0.3,700,210,0.0003224775716079069,5.6381199053323616e-05,0.7917874149659865
IQL_HalfCheetah,primary_3feature,3,50,0.5,700,350,0.0011158674687114384,0.0005431192584079148,0.7286897959183674
IQL_HalfCheetah,primary_3feature,3,70,0.7,700,490,0.0026013371674836958,0.0012295711780765939,0.6417383381924199
IQL_HalfCheetah,primary_3feature,3,90,0.9,700,630,0.00559275221448386,0.0023486154915303425,0.5484013605442176
IQL_HalfCheetah,primary_3feature,3,100,1.0,700,700,0.011955329876797389,0.0030199041597091802,0.5001341836734694
IQL_HalfCheetah,primary_3feature,4,10,0.1,700,70,5.852461372666897e-16,5.551115123125783e-16,0.8260714285714289
IQL_HalfCheetah,primary_3feature,4,20,0.2,700,140,4.6612924709354567e-05,8.049116928532385e-16,0.812658163265306
IQL_HalfCheetah,primary_3feature,4,30,0.3,700,210,0.00019321417214671012,1.4842819069188495e-05,0.7821802721088434
IQL_HalfCheetah,primary_3feature,4,50,0.5,700,350,0.0006007012275025697,0.000325052134957704,0.7134520408163265
IQL_HalfCheetah,primary_3feature,4,70,0.7,700,490,0.0012805462854202235,0.0006719801514810386,0.6251086005830904
IQL_HalfCheetah,primary_3feature,4,90,0.9,700,630,0.0038833930109892353,0.0012036794733649714,0.5287414965986396
IQL_HalfCheetah,primary_3feature,4,100,1.0,700,700,0.014620334612105611,0.0015964482559304438,0.48018724489795916
IQL_HalfCheetah,action_only_sensitivity,0,10,0.1,700,70,2.6010939434075097e-16,0.0,0.8571428571428571
IQL_HalfCheetah,action_only_sensitivity,0,20,0.2,700,140,0.00012324301378498413,2.220446049250313e-16,0.8506887755102042
IQL_HalfCheetah,action_only_sensitivity,0,30,0.3,700,210,0.00043317911768100986,9.014900216208765e-05,0.8258690476190478
IQL_HalfCheetah,action_only_sensitivity,0,50,0.5,700,350,0.0014680723424112284,0.0008356970714430423,0.7480469387755103
IQL_HalfCheetah,action_only_sensitivity,0,70,0.7,700,490,0.003568917337740875,0.001840084680015397,0.6555145772594753
IQL_HalfCheetah,action_only_sensitivity,0,90,0.9,700,630,0.008878804247831515,0.0033884607157016466,0.5559075963718821
IQL_HalfCheetah,action_only_sensitivity,0,100,1.0,700,700,0.017149367715058168,0.004535538916321191,0.5055198979591838
IQL_HalfCheetah,action_only_sensitivity,1,10,0.1,700,70,6.724779463443805e-16,5.551115123125783e-16,0.8571428571428571
IQL_HalfCheetah,action_only_sensitivity,1,20,0.2,700,140,0.00012563691073758774,8.326672684688674e-16,0.8467627551020409
IQL_HalfCheetah,action_only_sensitivity,1,30,0.3,700,210,0.00038452384858833437,8.828859158996338e-05,0.8126020408163267
IQL_HalfCheetah,action_only_sensitivity,1,50,0.5,700,350,0.0010667818291349022,0.0006425728356493909,0.7296479591836735
IQL_HalfCheetah,action_only_sensitivity,1,70,0.7,700,490,0.002186512160564837,0.0011474321326248316,0.6411435860058309
IQL_HalfCheetah,action_only_sensitivity,1,90,0.9,700,630,0.004628917256728229,0.0018430940506741211,0.5499682539682541
IQL_HalfCheetah,action_only_sensitivity,1,100,1.0,700,700,0.01335716867884611,0.0023479621624062086,0.5013892857142858
IQL_HalfCheetah,action_only_sensitivity,2,10,0.1,700,70,9.44482587377544e-16,8.326672684688674e-16,0.8571428571428571
IQL_HalfCheetah,action_only_sensitivity,2,20,0.2,700,140,0.00035179124414461295,1.1102230246251565e-15,0.8448443877551023
IQL_HalfCheetah,action_only_sensitivity,2,30,0.3,700,210,0.0011521783414346876,0.00013192833121886127,0.7978656462585036
IQL_HalfCheetah,action_only_sensitivity,2,50,0.5,700,350,0.0031878506075007397,0.0018995231443166283,0.6926571428571431
IQL_HalfCheetah,action_only_sensitivity,2,70,0.7,700,490,0.006731755470124133,0.0034596217399229523,0.590097667638484
IQL_HalfCheetah,action_only_sensitivity,2,90,0.9,700,630,0.015884629561091202,0.005651273539068635,0.4941626984126984
IQL_HalfCheetah,action_only_sensitivity,2,100,1.0,700,700,0.031087699914382653,0.007857884498207984,0.44802908163265315
IQL_HalfCheetah,action_only_sensitivity,3,10,0.1,700,70,1.4247462577689417e-06,5.551115123125783e-16,0.8571428571428571
IQL_HalfCheetah,action_only_sensitivity,3,20,0.2,700,140,9.98346204556819e-05,7.771561172376096e-16,0.8520357142857145
IQL_HalfCheetah,action_only_sensitivity,3,30,0.3,700,210,0.0003346581970162035,5.6381199053323616e-05,0.8275017006802723
IQL_HalfCheetah,action_only_sensitivity,3,50,0.5,700,350,0.00109870725515504,0.0005431192584079148,0.7512642857142857
IQL_HalfCheetah,action_only_sensitivity,3,70,0.7,700,490,0.0026013371674836958,0.0012295711780765939,0.65858527696793
IQL_HalfCheetah,action_only_sensitivity,3,90,0.9,700,630,0.005592752214483861,0.0023486154915303425,0.5616581632653062
IQL_HalfCheetah,action_only_sensitivity,3,100,1.0,700,700,0.011955329876797389,0.0030199041597091802,0.5120755102040817
IQL_HalfCheetah,action_only_sensitivity,4,10,0.1,700,70,5.773159728050814e-16,5.551115123125783e-16,0.8571428571428571
IQL_HalfCheetah,action_only_sensitivity,4,20,0.2,700,140,6.615249856805457e-05,8.049116928532385e-16,0.8474132653061227
IQL_HalfCheetah,action_only_sensitivity,4,30,0.3,700,210,0.0001978037690843233,1.4842819069188495e-05,0.8079608843537417
IQL_HalfCheetah,action_only_sensitivity,4,50,0.5,700,350,0.0006007012275025697,0.000325052134957704,0.7209530612244898
IQL_HalfCheetah,action_only_sensitivity,4,70,0.7,700,490,0.0012805462854202235,0.0006719801514810386,0.6284927113702625
IQL_HalfCheetah,action_only_sensitivity,4,90,0.9,700,630,0.0038833930109892353,0.0012036794733649714,0.5307834467120182
IQL_HalfCheetah,action_only_sensitivity,4,100,1.0,700,700,0.014620334612105611,0.0015964482559304438,0.4819658163265306
IQL_Walker2d,primary_3feature,0,10,0.1,700,70,0.0004031614458167608,0.0,0.9890102040816322
IQL_Walker2d,primary_3feature,0,20,0.2,700,140,0.0008023872534155327,0.0,0.9735433673469387
IQL_Walker2d,primary_3feature,0,30,0.3,700,210,0.0012373523284658122,2.0139536880847686e-05,0.9306989795918367
IQL_Walker2d,primary_3feature,0,50,0.5,700,350,0.002634027017831647,0.00013297460792394133,0.7993724489795919
IQL_Walker2d,primary_3feature,0,70,0.7,700,490,0.006301972871683351,0.00039251984408039675,0.6670495626822157
IQL_Walker2d,primary_3feature,0,90,0.9,700,630,0.011102256551721168,0.0008643721569532303,0.5479427437641724
IQL_Walker2d,primary_3feature,0,100,1.0,700,700,0.02289725553355403,0.0013491013345934277,0.49480969387755097
IQL_Walker2d,primary_3feature,1,10,0.1,700,70,0.0015737475956820544,0.00032786542971940946,0.965
IQL_Walker2d,primary_3feature,1,20,0.2,700,140,0.0030533000131260923,0.0006351552667078764,0.9368979591836736
IQL_Walker2d,primary_3feature,1,30,0.3,700,210,0.00432018618725245,0.0010476512339332444,0.8989387755102041
IQL_Walker2d,primary_3feature,1,50,0.5,700,350,0.005192944769819658,0.0017536656968686337,0.8179612244897959
IQL_Walker2d,primary_3feature,1,70,0.7,700,490,0.009855674559618771,0.0037337675778910118,0.7285349854227404
IQL_Walker2d,primary_3feature,1,90,0.9,700,630,0.02209755508384216,0.006213177811379644,0.6213310657596371
IQL_Walker2d,primary_3feature,1,100,1.0,700,700,0.033065561184524646,0.008558132607197955,0.5657505102040816
IQL_Walker2d,primary_3feature,2,10,0.1,700,70,0.004333830222293804,0.00028328307185798707,0.8420918367346938
IQL_Walker2d,primary_3feature,2,20,0.2,700,140,0.005346880319713145,0.0005924717589040895,0.7407627551020409
IQL_Walker2d,primary_3feature,2,30,0.3,700,210,0.006574185748718245,0.0010585722315232804,0.677858843537415
IQL_Walker2d,primary_3feature,2,50,0.5,700,350,0.011509237181219462,0.002790702140119894,0.5834295918367347
IQL_Walker2d,primary_3feature,2,70,0.7,700,490,0.020194014782839144,0.004567232908080143,0.5006997084548105
IQL_Walker2d,primary_3feature,2,90,0.9,700,630,0.03946013946477091,0.009121646496371705,0.4186621315192744
IQL_Walker2d,primary_3feature,2,100,1.0,700,700,0.06331359224315601,0.012097177869062392,0.3798239795918367
IQL_Walker2d,primary_3feature,3,10,0.1,700,70,0.0008583703712197981,8.881784197001252e-16,0.8326938775510204
IQL_Walker2d,primary_3feature,3,20,0.2,700,140,0.0012404816025359073,3.552713678800501e-15,0.8015663265306122
IQL_Walker2d,primary_3feature,3,30,0.3,700,210,0.0015021489509969774,0.00027575121517475765,0.7795748299319728
IQL_Walker2d,primary_3feature,3,50,0.5,700,350,0.003267936076698976,0.0014674328784258783,0.7189897959183673
IQL_Walker2d,primary_3feature,3,70,0.7,700,490,0.01093241710633672,0.003122608619599676,0.6314234693877552
IQL_Walker2d,primary_3feature,3,90,0.9,700,630,0.0179582340327563,0.005263391595616285,0.5354903628117914
IQL_Walker2d,primary_3feature,3,100,1.0,700,700,0.028988886576223886,0.006807086298389553,0.48847448979591834
IQL_Walker2d,primary_3feature,4,10,0.1,700,70,0.0017627400957610378,0.0001348002083505495,0.9330153061224491
IQL_Walker2d,primary_3feature,4,20,0.2,700,140,0.0035968804117327844,0.0009355896778615591,0.879670918367347
IQL_Walker2d,primary_3feature,4,30,0.3,700,210,0.004998198638233093,0.0013256202902154346,0.8175901360544219
IQL_Walker2d,primary_3feature,4,50,0.5,700,350,0.008278547091417959,0.00305685381087617,0.7145704081632652
IQL_Walker2d,primary_3feature,4,70,0.7,700,490,0.012458718532312759,0.004596872067458457,0.62307944606414
IQL_Walker2d,primary_3feature,4,90,0.9,700,630,0.0207983435924444,0.006974967121474274,0.5433163265306122
IQL_Walker2d,primary_3feature,4,100,1.0,700,700,0.029619283079818304,0.008557813582801721,0.4999688775510204
IQL_Walker2d,action_only_sensitivity,0,10,0.1,700,70,7.359192620372467e-16,0.0,0.8571428571428571
IQL_Walker2d,action_only_sensitivity,0,20,0.2,700,140,0.0003422856762585802,0.0,0.8349285714285717
IQL_Walker2d,action_only_sensitivity,0,30,0.3,700,210,0.0009514141343984677,9.094117731756057e-06,0.7833248299319729
IQL_Walker2d,action_only_sensitivity,0,50,0.5,700,350,0.0026348331105269956,0.00013297460792394133,0.671998979591837
IQL_Walker2d,action_only_sensitivity,0,70,0.7,700,490,0.005760866156591138,0.00039251984408039675,0.5655932944606415
IQL_Walker2d,action_only_sensitivity,0,90,0.9,700,630,0.011190613855147311,0.0008643721569532303,0.46587698412698414
IQL_Walker2d,action_only_sensitivity,0,100,1.0,700,700,0.02289725553355403,0.0013491013345934277,0.42075306122448985
IQL_Walker2d,action_only_sensitivity,1,10,0.1,700,70,1.0256037586626426e-06,0.0,0.8571428571428571
IQL_Walker2d,action_only_sensitivity,1,20,0.2,700,140,0.0004990580659870061,0.0,0.8505076530612247
IQL_Walker2d,action_only_sensitivity,1,30,0.3,700,210,0.0017372676853360154,0.00020714683143152612,0.8235272108843541
IQL_Walker2d,action_only_sensitivity,1,50,0.5,700,350,0.00492440996436242,0.0016837926312680551,0.7434969387755103
IQL_Walker2d,action_only_sensitivity,1,70,0.7,700,490,0.01019543683915693,0.003630653673850681,0.6539723032069972
IQL_Walker2d,action_only_sensitivity,1,90,0.9,700,630,0.021845843832927283,0.0061636322220279816,0.5590731292517007
IQL_Walker2d,action_only_sensitivity,1,100,1.0,700,700,0.03306556118452465,0.008558132607197955,0.5095933673469388
IQL_Walker2d,action_only_sensitivity,2,10,0.1,700,70,1.1926967350258824e-15,0.0,0.8571428571428571
IQL_Walker2d,action_only_sensitivity,2,20,0.2,700,140,0.0009194243097203879,0.0,0.8458928571428572
IQL_Walker2d,action_only_sensitivity,2,30,0.3,700,210,0.0033253459688488787,8.836971169845498e-05,0.8075000000000002
IQL_Walker2d,action_only_sensitivity,2,50,0.5,700,350,0.008772541742869925,0.001906152420482421,0.7137336734693879
IQL_Walker2d,action_only_sensitivity,2,70,0.7,700,490,0.01967296754901528,0.004480148373304793,0.6142543731778426
IQL_Walker2d,action_only_sensitivity,2,90,0.9,700,630,0.04001825626605845,0.009121646496371705,0.5131048752834467
IQL_Walker2d,action_only_sensitivity,2,100,1.0,700,700,0.063313592243156,0.012097177869062392,0.4656887755102041
IQL_Walker2d,action_only_sensitivity,3,10,0.1,700,70,6.56617617421164e-16,0.0,0.8571428571428571
IQL_Walker2d,action_only_sensitivity,3,20,0.2,700,140,0.00039174037767783656,0.0,0.847576530612245
IQL_Walker2d,action_only_sensitivity,3,30,0.3,700,210,0.0010156566779362867,0.00010514390309845911,0.8151428571428573
IQL_Walker2d,action_only_sensitivity,3,50,0.5,700,350,0.003021861923258732,0.0015150454282797376,0.731887755102041
IQL_Walker2d,action_only_sensitivity,3,70,0.7,700,490,0.00913417670423506,0.0031356195252396635,0.6386253644314869
IQL_Walker2d,action_only_sensitivity,3,90,0.9,700,630,0.017710371992569234,0.005236856656179456,0.542688775510204
IQL_Walker2d,action_only_sensitivity,3,100,1.0,700,700,0.028988886576223886,0.006807086298389553,0.49521632653061226
IQL_Walker2d,action_only_sensitivity,4,10,0.1,700,70,4.821539992657822e-16,0.0,0.8571428571428571
IQL_Walker2d,action_only_sensitivity,4,20,0.2,700,140,0.0007967262039076812,0.0,0.8544413265306124
IQL_Walker2d,action_only_sensitivity,4,30,0.3,700,210,0.0020737545221423542,0.00010787487453889355,0.8370442176870752
IQL_Walker2d,action_only_sensitivity,4,50,0.5,700,350,0.005028899547201441,0.0022990173206298703,0.7714908163265306
IQL_Walker2d,action_only_sensitivity,4,70,0.7,700,490,0.010597305989028616,0.004503065824078778,0.6910145772594753
IQL_Walker2d,action_only_sensitivity,4,90,0.9,700,630,0.020092956993440485,0.007026755524529804,0.6058293650793651
IQL_Walker2d,action_only_sensitivity,4,100,1.0,700,700,0.029619283079818304,0.008557813582801721,0.5577280612244898
CQL_Hopper,primary_3feature,0,10,0.1,700,70,0.0003598430171572639,0.000182082670241418,1.0
CQL_Hopper,primary_3feature,0,20,0.2,700,140,0.0005967482589435691,0.00027182494807737045,1.0
CQL_Hopper,primary_3feature,0,30,0.3,700,210,0.0009676601999741727,0.00036895683108259525,0.9971615646258505
CQL_Hopper,primary_3feature,0,50,0.5,700,350,0.0016769510752925889,0.0005887566124221644,0.9657316326530613
CQL_Hopper,primary_3feature,0,70,0.7,700,490,0.001655394073716168,0.0005551101052830854,0.9082281341107872
CQL_Hopper,primary_3feature,0,90,0.9,700,630,0.0022042430294085514,0.0008103739464912219,0.8330476190476189
CQL_Hopper,primary_3feature,0,100,1.0,700,700,0.0032135319457724195,0.0010593939728997803,0.780745918367347
CQL_Hopper,primary_3feature,1,10,0.1,700,70,0.0018794865002760472,0.00047350773260323997,0.9288826530612244
CQL_Hopper,primary_3feature,1,20,0.2,700,140,0.0019032180851435408,0.0004427791921746277,0.9068112244897961
CQL_Hopper,primary_3feature,1,30,0.3,700,210,0.0018531140609759269,0.0004545042002983557,0.8815816326530612
CQL_Hopper,primary_3feature,1,50,0.5,700,350,0.0036932056147260025,0.000996198321101982,0.8057295918367348
CQL_Hopper,primary_3feature,1,70,0.7,700,490,0.019427664406903376,0.002636933596288138,0.7104154518950437
CQL_Hopper,primary_3feature,1,90,0.9,700,630,0.050799758057503204,0.005491189242105843,0.6057993197278911
CQL_Hopper,primary_3feature,1,100,1.0,700,700,0.0987054386110906,0.00795153905470336,0.5528908163265307
CQL_Hopper,primary_3feature,2,10,0.1,700,70,0.00011162780891202293,0.0,0.8832295918367348
CQL_Hopper,primary_3feature,2,20,0.2,700,140,0.0003152841571919402,2.6645352591003757e-15,0.800954081632653
CQL_Hopper,primary_3feature,2,30,0.3,700,210,0.0006637699049573216,0.00023781220260232772,0.7352074829931973
CQL_Hopper,primary_3feature,2,50,0.5,700,350,0.001706244036797458,0.0006650503779697114,0.6124704081632653
CQL_Hopper,primary_3feature,2,70,0.7,700,490,0.003108984252870383,0.0011719513860813935,0.49892055393586
CQL_Hopper,primary_3feature,2,90,0.9,700,630,0.006796976866446167,0.0021603303393558093,0.4069155328798186
CQL_Hopper,primary_3feature,2,100,1.0,700,700,0.01841066264397575,0.003052594943175224,0.3674719387755102
CQL_Hopper,primary_3feature,3,10,0.1,700,70,0.0011634281575721962,6.661338147750939e-16,0.8976938775510206
CQL_Hopper,primary_3feature,3,20,0.2,700,140,0.027429729346668597,0.0006047003227682701,0.8713698979591835
CQL_Hopper,primary_3feature,3,30,0.3,700,210,0.06943771206527007,0.0016353213222299878,0.8301598639455782
CQL_Hopper,primary_3feature,3,50,0.5,700,350,0.053956080069842996,0.0020913294751885303,0.700073469387755
CQL_Hopper,primary_3feature,3,70,0.7,700,490,0.08063954714793624,0.004033186601824834,0.5706836734693878
CQL_Hopper,primary_3feature,3,90,0.9,700,630,0.16501692209193322,0.0068184747470416696,0.4632392290249433
CQL_Hopper,primary_3feature,3,100,1.0,700,700,0.23341336997629733,0.009514574643707974,0.41901989795918365
CQL_Hopper,primary_3feature,4,10,0.1,700,70,0.0008960332789325414,6.661338147750939e-16,0.7567346938775509
CQL_Hopper,primary_3feature,4,20,0.2,700,140,0.0014398631258551167,1.3416039286173742e-05,0.7300867346938775
CQL_Hopper,primary_3feature,4,30,0.3,700,210,0.0021179354981955027,0.0006101829318903018,0.6987857142857143
CQL_Hopper,primary_3feature,4,50,0.5,700,350,0.0038056935756403034,0.0017658039574484086,0.6397683673469388
CQL_Hopper,primary_3feature,4,70,0.7,700,490,0.0077577700636482574,0.0034693387682573906,0.5772740524781341
CQL_Hopper,primary_3feature,4,90,0.9,700,630,0.015764652009952477,0.005444162199053082,0.5081678004535147
CQL_Hopper,primary_3feature,4,100,1.0,700,700,0.024226769971448903,0.006886578755098016,0.46932295918367345
CQL_Hopper,action_only_sensitivity,0,10,0.1,700,70,1.0454746122959666e-05,0.0,0.8571428571428571
CQL_Hopper,action_only_sensitivity,0,20,0.2,700,140,7.707679738510371e-05,0.0,0.856448979591837
CQL_Hopper,action_only_sensitivity,0,30,0.3,700,210,0.00020767417677839328,1.5196919134319309e-05,0.8501258503401362
CQL_Hopper,action_only_sensitivity,0,50,0.5,700,350,0.0005480815642722067,0.00022526487111862448,0.8194734693877551
CQL_Hopper,action_only_sensitivity,0,70,0.7,700,490,0.0012645330861832634,0.0004825839755731032,0.7646545189504373
CQL_Hopper,action_only_sensitivity,0,90,0.9,700,630,0.0022913684193706756,0.0008254297921723719,0.6913962585034014
CQL_Hopper,action_only_sensitivity,0,100,1.0,700,700,0.003213531945772419,0.0010593939728997803,0.6487301020408164
CQL_Hopper,action_only_sensitivity,1,10,0.1,700,70,6.938893903907228e-17,0.0,0.8571428571428571
CQL_Hopper,action_only_sensitivity,1,20,0.2,700,140,0.0002059243722742848,0.0,0.8482295918367347
CQL_Hopper,action_only_sensitivity,1,30,0.3,700,210,0.0010281630010590679,2.8585710590195434e-05,0.8161972789115648
CQL_Hopper,action_only_sensitivity,1,50,0.5,700,350,0.003699791645270607,0.001061393278517439,0.7355081632653062
CQL_Hopper,action_only_sensitivity,1,70,0.7,700,490,0.021867562640713222,0.002636933596288138,0.6435706997084549
CQL_Hopper,action_only_sensitivity,1,90,0.9,700,630,0.051139101970714106,0.005491189242105843,0.5479574829931974
CQL_Hopper,action_only_sensitivity,1,100,1.0,700,700,0.0987054386110906,0.00795153905470336,0.5002239795918368
CQL_Hopper,action_only_sensitivity,2,10,0.1,700,70,1.2688263138573217e-16,0.0,0.8571428571428571
CQL_Hopper,action_only_sensitivity,2,20,0.2,700,140,8.578854446109539e-05,0.0,0.824966836734694
CQL_Hopper,action_only_sensitivity,2,30,0.3,700,210,0.00032752485227084693,3.0394959368518215e-05,0.7570816326530614
CQL_Hopper,action_only_sensitivity,2,50,0.5,700,350,0.0011366622588715998,0.00044606491777066104,0.6331551020408164
CQL_Hopper,action_only_sensitivity,2,70,0.7,700,490,0.002904901248935405,0.00114232233530287,0.5242995626822159
CQL_Hopper,action_only_sensitivity,2,90,0.9,700,630,0.006773057895282072,0.0021793827006739708,0.42811734693877557
CQL_Hopper,action_only_sensitivity,2,100,1.0,700,700,0.018410662643975752,0.003052594943175224,0.38673775510204084
CQL_Hopper,action_only_sensitivity,3,10,0.1,700,70,2.157004733557447e-16,0.0,0.8571428571428571
CQL_Hopper,action_only_sensitivity,3,20,0.2,700,140,0.0004306502388104451,0.0,0.8244795918367349
CQL_Hopper,action_only_sensitivity,3,30,0.3,700,210,0.001476525040930894,0.00018235844170128024,0.7503792517006805
CQL_Hopper,action_only_sensitivity,3,50,0.5,700,350,0.024872035085820098,0.0021458418628652054,0.6211142857142857
CQL_Hopper,action_only_sensitivity,3,70,0.7,700,490,0.07494229425099654,0.0040766322732315174,0.5070772594752188
CQL_Hopper,action_only_sensitivity,3,90,0.9,700,630,0.15969171616346686,0.0068184747470416696,0.41198526077097514
CQL_Hopper,action_only_sensitivity,3,100,1.0,700,700,0.23341336997629733,0.009514574643707974,0.37302959183673473
CQL_Hopper,action_only_sensitivity,4,10,0.1,700,70,2.981741837564706e-16,0.0,0.8571428571428571
CQL_Hopper,action_only_sensitivity,4,20,0.2,700,140,0.00040736445977686156,2.220446049250313e-16,0.8473724489795919
CQL_Hopper,action_only_sensitivity,4,30,0.3,700,210,0.0012384937324759033,7.1713431412216e-05,0.8192363945578233
CQL_Hopper,action_only_sensitivity,4,50,0.5,700,350,0.003572952957850794,0.0017395136453091098,0.7506000000000002
CQL_Hopper,action_only_sensitivity,4,70,0.7,700,490,0.007746237199015391,0.0034459242536315493,0.6717849854227406
CQL_Hopper,action_only_sensitivity,4,90,0.9,700,630,0.015870944645474033,0.005418729885585449,0.5865595238095238
CQL_Hopper,action_only_sensitivity,4,100,1.0,700,700,0.024226769971448903,0.006886578755098016,0.5402581632653062
CQL_HalfCheetah,primary_3feature,0,10,0.1,700,70,0.0,0.0,0.8121428571428573
CQL_HalfCheetah,primary_3feature,0,20,0.2,700,140,0.00010331080439060741,0.0,0.7884285714285714
CQL_HalfCheetah,primary_3feature,0,30,0.3,700,210,0.00025532638517652365,4.586896217939618e-05,0.7400204081632653
CQL_HalfCheetah,primary_3feature,0,50,0.5,700,350,0.0007439558709824835,0.00043043521483321356,0.6411948979591836
CQL_HalfCheetah,primary_3feature,0,70,0.7,700,490,0.0016028218357291074,0.0007677478618044464,0.5421537900874636
CQL_HalfCheetah,primary_3feature,0,90,0.9,700,630,0.0033112953382723105,0.001288871588745577,0.44389172335600907
CQL_HalfCheetah,primary_3feature,0,100,1.0,700,700,0.0063337282379575845,0.0016608098265811222,0.400230612244898
CQL_HalfCheetah,primary_3feature,1,10,0.1,700,70,3.9333615729576973e-16,0.0,0.695714285714286
CQL_HalfCheetah,primary_3feature,1,20,0.2,700,140,5.215314466820204e-05,0.0,0.6840688775510204
CQL_HalfCheetah,primary_3feature,1,30,0.3,700,210,0.0001364586260929575,2.0722549166851678e-05,0.6619540816326531
CQL_HalfCheetah,primary_3feature,1,50,0.5,700,350,0.0003914766377354744,0.00020559215405491216,0.6121418367346939
CQL_HalfCheetah,primary_3feature,1,70,0.7,700,490,0.0008582430247402938,0.00041885576663736046,0.5513600583090379
CQL_HalfCheetah,primary_3feature,1,90,0.9,700,630,0.001781888947095048,0.0007101641075628606,0.4829308390022676
CQL_HalfCheetah,primary_3feature,1,100,1.0,700,700,0.002802066244292529,0.0009097593556641748,0.445015306122449
CQL_HalfCheetah,primary_3feature,2,10,0.1,700,70,0.001221025804999457,0.0006396865860209822,1.0
CQL_HalfCheetah,primary_3feature,2,20,0.2,700,140,0.001128592598629011,0.0005328495508285513,1.0
CQL_HalfCheetah,primary_3feature,2,30,0.3,700,210,0.0011172777865659897,0.0005113659921098801,1.0
CQL_HalfCheetah,primary_3feature,2,50,0.5,700,350,0.0011583045006201814,0.0004962976470102021,1.0
CQL_HalfCheetah,primary_3feature,2,70,0.7,700,490,0.0011207083237874515,0.00047246567964798203,1.0
CQL_HalfCheetah,primary_3feature,2,90,0.9,700,630,0.0013663928998588482,0.000577910079552435,0.9755379818594104
CQL_HalfCheetah,primary_3feature,2,100,1.0,700,700,0.0023502049567169425,0.0007381971214019956,0.9003260204081633
CQL_HalfCheetah,primary_3feature,3,10,0.1,700,70,0.0,0.0,0.9235714285714286
CQL_HalfCheetah,primary_3feature,3,20,0.2,700,140,3.9457100236190664e-05,0.0,0.9207117346938775
CQL_HalfCheetah,primary_3feature,3,30,0.3,700,210,8.657107906051776e-05,1.0414832908089977e-05,0.9148860544217687
CQL_HalfCheetah,primary_3feature,3,50,0.5,700,350,0.0002468986903460735,0.00012006163353373012,0.8491459183673469
CQL_HalfCheetah,primary_3feature,3,70,0.7,700,490,0.0005772547790114246,0.00023122130066099977,0.7399373177842565
CQL_HalfCheetah,primary_3feature,3,90,0.9,700,630,0.001326786442400521,0.00039793562714618425,0.6293316326530612
CQL_HalfCheetah,primary_3feature,3,100,1.0,700,700,0.0024890020529503387,0.0005440617735210651,0.5744704081632653
CQL_HalfCheetah,primary_3feature,4,10,0.1,700,70,0.0,0.0,0.7717857142857143
CQL_HalfCheetah,primary_3feature,4,20,0.2,700,140,5.253096071604624e-05,0.0,0.7659846938775511
CQL_HalfCheetah,primary_3feature,4,30,0.3,700,210,0.0001565585929256105,2.8251083323826975e-05,0.739829931972789
CQL_HalfCheetah,primary_3feature,4,50,0.5,700,350,0.00044814435659513356,0.0002851841861644111,0.6669969387755103
CQL_HalfCheetah,primary_3feature,4,70,0.7,700,490,0.0010632961060233442,0.0005500959806101768,0.5848126822157435
CQL_HalfCheetah,primary_3feature,4,90,0.9,700,630,0.002078833386095462,0.0008653177680435498,0.49669047619047624
CQL_HalfCheetah,primary_3feature,4,100,1.0,700,700,0.003184656884346419,0.0011041239839908457,0.45173877551020414
CQL_HalfCheetah,action_only_sensitivity,0,10,0.1,700,70,0.0,0.0,0.8571428571428571
CQL_HalfCheetah,action_only_sensitivity,0,20,0.2,700,140,9.105751736581918e-05,0.0,0.8376224489795919
CQL_HalfCheetah,action_only_sensitivity,0,30,0.3,700,210,0.00025563499851726656,3.743177974024903e-05,0.7868095238095241
CQL_HalfCheetah,action_only_sensitivity,0,50,0.5,700,350,0.0007538981749164909,0.00043043521483321356,0.6825591836734693
CQL_HalfCheetah,action_only_sensitivity,0,70,0.7,700,490,0.0016028218357291074,0.0007677478618044464,0.5762500000000002
CQL_HalfCheetah,action_only_sensitivity,0,90,0.9,700,630,0.0033112953382723105,0.001288871588745577,0.47199149659863954
CQL_HalfCheetah,action_only_sensitivity,0,100,1.0,700,700,0.006333728237957585,0.0016608098265811222,0.42559387755102046
CQL_HalfCheetah,action_only_sensitivity,1,10,0.1,700,70,3.198428368632124e-07,0.0,0.8571428571428571
CQL_HalfCheetah,action_only_sensitivity,1,20,0.2,700,140,5.117148851501798e-05,0.0,0.8520612244897962
CQL_HalfCheetah,action_only_sensitivity,1,30,0.3,700,210,0.00013867589940005418,2.0722549166851678e-05,0.8297534013605443
CQL_HalfCheetah,action_only_sensitivity,1,50,0.5,700,350,0.00039303974375083276,0.00020559215405491216,0.7581887755102041
CQL_HalfCheetah,action_only_sensitivity,1,70,0.7,700,490,0.0008776538640055742,0.00041885576663736046,0.672558309037901
CQL_HalfCheetah,action_only_sensitivity,1,90,0.9,700,630,0.001781888947095048,0.0007101641075628606,0.5838004535147393
CQL_HalfCheetah,action_only_sensitivity,1,100,1.0,700,700,0.002802066244292529,0.0009097593556641748,0.5369265306122449
CQL_HalfCheetah,action_only_sensitivity,2,10,0.1,700,70,4.0602442043434295e-16,0.0,0.8571428571428571
CQL_HalfCheetah,action_only_sensitivity,2,20,0.2,700,140,3.7859411194109325e-05,8.881784197001252e-16,0.8493010204081634
CQL_HalfCheetah,action_only_sensitivity,2,30,0.3,700,210,0.00011037076643255853,1.0532154572029384e-05,0.8149727891156463
CQL_HalfCheetah,action_only_sensitivity,2,50,0.5,700,350,0.0003248296239453653,0.00016659075014624491,0.7259469387755103
CQL_HalfCheetah,action_only_sensitivity,2,70,0.7,700,490,0.0007354575508594826,0.0003184201108838991,0.630311224489796
CQL_HalfCheetah,action_only_sensitivity,2,90,0.9,700,630,0.0013663928998588482,0.000577910079552435,0.5333027210884355
CQL_HalfCheetah,action_only_sensitivity,2,100,1.0,700,700,0.0023502049567169425,0.0007381971214019956,0.48569132653061226
CQL_HalfCheetah,action_only_sensitivity,3,10,0.1,700,70,0.0,0.0,0.8571428571428571
CQL_HalfCheetah,action_only_sensitivity,3,20,0.2,700,140,3.925164030879851e-05,0.0,0.8497653061224492
CQL_HalfCheetah,action_only_sensitivity,3,30,0.3,700,210,8.625027210837805e-05,1.0414832908089977e-05,0.8212040816326533
CQL_HalfCheetah,action_only_sensitivity,3,50,0.5,700,350,0.0002466213119312905,0.00012006163353373012,0.7397632653061226
CQL_HalfCheetah,action_only_sensitivity,3,70,0.7,700,490,0.0005720548818728248,0.00023122130066099977,0.6493411078717203
CQL_HalfCheetah,action_only_sensitivity,3,90,0.9,700,630,0.0013338856592615901,0.00039793562714618425,0.5551842403628118
CQL_HalfCheetah,action_only_sensitivity,3,100,1.0,700,700,0.0024890020529503387,0.0005440617735210651,0.507305612244898
CQL_HalfCheetah,action_only_sensitivity,4,10,0.1,700,70,2.5376526277146434e-17,0.0,0.8571428571428571
CQL_HalfCheetah,action_only_sensitivity,4,20,0.2,700,140,5.1809935653197266e-05,0.0,0.8499744897959185
CQL_HalfCheetah,action_only_sensitivity,4,30,0.3,700,210,0.00015808384860938792,2.6520803383611735e-05,0.8180833333333334
CQL_HalfCheetah,action_only_sensitivity,4,50,0.5,700,350,0.000466022699396506,0.0002851841861644111,0.7338581632653062
CQL_HalfCheetah,action_only_sensitivity,4,70,0.7,700,490,0.0010824489923617238,0.0005500959806101768,0.6405174927113704
CQL_HalfCheetah,action_only_sensitivity,4,90,0.9,700,630,0.002078833386095462,0.0008653177680435498,0.5427199546485261
CQL_HalfCheetah,action_only_sensitivity,4,100,1.0,700,700,0.003184656884346419,0.0011041239839908457,0.4934622448979592
CQL_Walker2d,primary_3feature,0,10,0.1,700,70,0.01144044224358931,2.6645352591003757e-15,0.9471683673469385
CQL_Walker2d,primary_3feature,0,20,0.2,700,140,0.02305644761521529,0.000310471332804263,0.8880867346938776
CQL_Walker2d,primary_3feature,0,30,0.3,700,210,0.02091366481711498,0.0007758764365400905,0.8359166666666665
CQL_Walker2d,primary_3feature,0,50,0.5,700,350,0.03373261296190356,0.00542538263585568,0.744992857142857
CQL_Walker2d,primary_3feature,0,70,0.7,700,490,0.0598352310568869,0.012806582202354089,0.6451960641399417
CQL_Walker2d,primary_3feature,0,90,0.9,700,630,0.10942308013302195,0.023977229711914516,0.5465442176870748
CQL_Walker2d,primary_3feature,0,100,1.0,700,700,0.16908161100628508,0.028952459239381945,0.49847499999999995
CQL_Walker2d,primary_3feature,1,10,0.1,700,70,0.00910821646126761,0.0008477458868871857,0.921765306122449
CQL_Walker2d,primary_3feature,1,20,0.2,700,140,0.00942862466671292,0.0012027589853049747,0.8628035714285714
CQL_Walker2d,primary_3feature,1,30,0.3,700,210,0.01008785025954303,0.0020646124854910575,0.8202619047619049
CQL_Walker2d,primary_3feature,1,50,0.5,700,350,0.013410783727394727,0.0035318534585866423,0.7181255102040817
CQL_Walker2d,primary_3feature,1,70,0.7,700,490,0.01660161548453371,0.004351676166571838,0.6311851311953354
CQL_Walker2d,primary_3feature,1,90,0.9,700,630,0.02595745196047631,0.007976859727236718,0.5481541950113379
CQL_Walker2d,primary_3feature,1,100,1.0,700,700,0.03738321087434945,0.009697202643685898,0.5029311224489796
CQL_Walker2d,primary_3feature,2,10,0.1,700,70,0.005232106835088961,0.0015900948407866489,0.9646734693877553
CQL_Walker2d,primary_3feature,2,20,0.2,700,140,0.008680398325297536,0.0024060341256146867,0.9005433673469387
CQL_Walker2d,primary_3feature,2,30,0.3,700,210,0.0089116451061357,0.0017691982524805638,0.8450051020408164
CQL_Walker2d,primary_3feature,2,50,0.5,700,350,0.010908305347862914,0.0030600044218527245,0.7561918367346938
CQL_Walker2d,primary_3feature,2,70,0.7,700,490,0.019822987191214256,0.005608867993097455,0.660615889212828
CQL_Walker2d,primary_3feature,2,90,0.9,700,630,0.04058667292935054,0.008097264097925105,0.5665595238095238
CQL_Walker2d,primary_3feature,2,100,1.0,700,700,0.062124182883363833,0.010759000695109489,0.5186647959183673
CQL_Walker2d,primary_3feature,3,10,0.1,700,70,0.0005658624055388322,0.0,0.8067397959183674
CQL_Walker2d,primary_3feature,3,20,0.2,700,140,0.001543633143629262,0.0,0.7611122448979591
CQL_Walker2d,primary_3feature,3,30,0.3,700,210,0.0041496110849514,0.0002636718213402389,0.7108452380952381
CQL_Walker2d,primary_3feature,3,50,0.5,700,350,0.009067414047711173,0.0023080901132992437,0.6118030612244898
CQL_Walker2d,primary_3feature,3,70,0.7,700,490,0.017186666084425112,0.004670895942844311,0.5145131195335277
CQL_Walker2d,primary_3feature,3,90,0.9,700,630,0.03678087713963889,0.007526149608486854,0.4187324263038549
CQL_Walker2d,primary_3feature,3,100,1.0,700,700,0.06042495795232446,0.00972858642191099,0.37749285714285713
CQL_Walker2d,primary_3feature,4,10,0.1,700,70,0.002432445745483796,9.656927913592739e-05,0.9698214285714284
CQL_Walker2d,primary_3feature,4,20,0.2,700,140,0.004725265679678066,0.00021441169291414042,0.9377117346938775
CQL_Walker2d,primary_3feature,4,30,0.3,700,210,0.022153591495735318,0.0006556188944024655,0.8933571428571428
CQL_Walker2d,primary_3feature,4,50,0.5,700,350,0.034000080541062135,0.0019572141628962925,0.7879510204081631
CQL_Walker2d,primary_3feature,4,70,0.7,700,490,0.04928478846671509,0.0054797563163972995,0.6780852769679301
CQL_Walker2d,primary_3feature,4,90,0.9,700,630,0.08754114458913942,0.010324302642989558,0.570842970521542
CQL_Walker2d,primary_3feature,4,100,1.0,700,700,0.13837545816089747,0.014356657404061224,0.5195066326530613
CQL_Walker2d,action_only_sensitivity,0,10,0.1,700,70,1.855658484016333e-15,0.0,0.8571428571428571
CQL_Walker2d,action_only_sensitivity,0,20,0.2,700,140,0.0015971660222057775,0.0,0.8434897959183675
CQL_Walker2d,action_only_sensitivity,0,30,0.3,700,210,0.008705199581934504,0.0002763035960807736,0.8044064625850342
CQL_Walker2d,action_only_sensitivity,0,50,0.5,700,350,0.030586950400516975,0.00508199927304176,0.712545918367347
CQL_Walker2d,action_only_sensitivity,0,70,0.7,700,490,0.05738361378685259,0.012677617485435388,0.6179584548104957
CQL_Walker2d,action_only_sensitivity,0,90,0.9,700,630,0.10977183061868905,0.023977229711914516,0.5244342403628118
CQL_Walker2d,action_only_sensitivity,0,100,1.0,700,700,0.16908161100628508,0.028952459239381945,0.47851122448979594
CQL_Walker2d,action_only_sensitivity,1,10,0.1,700,70,3.197442310920451e-15,0.0,0.8571428571428571
CQL_Walker2d,action_only_sensitivity,1,20,0.2,700,140,0.0007549666115473141,3.552713678800501e-15,0.853262755102041
CQL_Walker2d,action_only_sensitivity,1,30,0.3,700,210,0.002448941347122154,0.0002087171320646064,0.832387755102041
CQL_Walker2d,action_only_sensitivity,1,50,0.5,700,350,0.006516098889655933,0.0019075181438541478,0.763819387755102
CQL_Walker2d,action_only_sensitivity,1,70,0.7,700,490,0.01231329785009083,0.004186412592811273,0.6816618075801749
CQL_Walker2d,action_only_sensitivity,1,90,0.9,700,630,0.02439491858546131,0.007976859727236718,0.5945674603174604
CQL_Walker2d,action_only_sensitivity,1,100,1.0,700,700,0.037383210874349454,0.009697202643685898,0.545834693877551
CQL_Walker2d,action_only_sensitivity,2,10,0.1,700,70,3.156581300155027e-08,0.0,0.8571428571428571
CQL_Walker2d,action_only_sensitivity,2,20,0.2,700,140,0.0005097195238280925,3.552713678800501e-15,0.8519719387755104
CQL_Walker2d,action_only_sensitivity,2,30,0.3,700,210,0.0024355292745502632,1.545813169845367e-05,0.829809523809524
CQL_Walker2d,action_only_sensitivity,2,50,0.5,700,350,0.0074172871412748085,0.0017917803247744502,0.7597173469387755
CQL_Walker2d,action_only_sensitivity,2,70,0.7,700,490,0.015025388148153043,0.004307907743769768,0.6740561224489796
CQL_Walker2d,action_only_sensitivity,2,90,0.9,700,630,0.03890199453032715,0.008002163725901568,0.579765306122449
CQL_Walker2d,action_only_sensitivity,2,100,1.0,700,700,0.062124182883363833,0.010759000695109489,0.5305602040816326
CQL_Walker2d,action_only_sensitivity,3,10,0.1,700,70,1.0911906299172968e-15,0.0,0.8571428571428571
CQL_Walker2d,action_only_sensitivity,3,20,0.2,700,140,0.001187946378038315,0.0,0.8404158163265307
CQL_Walker2d,action_only_sensitivity,3,30,0.3,700,210,0.0030066616789410287,0.0002636718213402389,0.7858979591836737
CQL_Walker2d,action_only_sensitivity,3,50,0.5,700,350,0.008955072553150872,0.0023080901132992437,0.6711234693877551
CQL_Walker2d,action_only_sensitivity,3,70,0.7,700,490,0.01664643277175304,0.004670895942844311,0.5611749271137028
CQL_Walker2d,action_only_sensitivity,3,90,0.9,700,630,0.03678087713963889,0.007526149608486854,0.45573072562358286
CQL_Walker2d,action_only_sensitivity,3,100,1.0,700,700,0.060424957952324464,0.00972858642191099,0.41079642857142856
CQL_Walker2d,action_only_sensitivity,4,10,0.1,700,70,1.2942028401344681e-15,0.0,0.8571428571428571
CQL_Walker2d,action_only_sensitivity,4,20,0.2,700,140,0.0005110790754867747,0.0,0.8476836734693878
CQL_Walker2d,action_only_sensitivity,4,30,0.3,700,210,0.003829079082913836,0.00015287381211415152,0.811969387755102
CQL_Walker2d,action_only_sensitivity,4,50,0.5,700,350,0.021424639672787717,0.0019186139018316228,0.7240530612244898
CQL_Walker2d,action_only_sensitivity,4,70,0.7,700,490,0.04914144590125079,0.005522880874558211,0.6277397959183674
CQL_Walker2d,action_only_sensitivity,4,90,0.9,700,630,0.08369264938723173,0.010324302642989558,0.5306303854875283
CQL_Walker2d,action_only_sensitivity,4,100,1.0,700,700,0.1383754581608975,0.014356657404061224,0.48327704081632655
