cell,model,reliability_decile,mean_reliability_score,sd_reliability_score,mean_observed_C10,sd_observed_C10,n_policy_seeds
CQL_HalfCheetah,action_only_sensitivity,1,0.8571428571428571,0.0,6.396856745892266e-08,1.430380650202716e-07,5
CQL_HalfCheetah,action_only_sensitivity,2,0.8383469387755103,0.01151387398073075,0.00010839602864731797,4.318360080639373e-05,5
CQL_HalfCheetah,action_only_sensitivity,3,0.7470040816326531,0.03748766793617333,0.00034094947382581024,0.00015348251072719446,5
CQL_HalfCheetah,action_only_sensitivity,4,0.6485377551020408,0.04351797499598222,0.0006402615782421364,0.0002777363456859341,5
CQL_HalfCheetah,action_only_sensitivity,5,0.5492846938775511,0.04843762081980337,0.001094740504657762,0.000506787455130738,5
CQL_HalfCheetah,action_only_sensitivity,6,0.4483499999999999,0.05337984262244036,0.0017275528708276399,0.0007715951051080393,5
CQL_HalfCheetah,action_only_sensitivity,7,0.34790306122448983,0.05665587051660376,0.0029066475499920723,0.0010590425569811217,5
CQL_HalfCheetah,action_only_sensitivity,8,0.2486510204081632,0.06086347351977316,0.004610308433638849,0.0018256496340268427,5
CQL_HalfCheetah,action_only_sensitivity,9,0.15137755102040815,0.060445512964027184,0.006341212806650819,0.0027588129727985724,5
CQL_HalfCheetah,action_only_sensitivity,10,0.06136122448979593,0.0390475399133155,0.016549183537477762,0.009526503348981788,5
CQL_HalfCheetah,primary_3feature,1,0.8406428571428572,0.12127416653759256,0.0002442051609999701,0.0005460593404519936,5
CQL_HalfCheetah,primary_3feature,2,0.823034693877551,0.13261062416762948,0.0003062126824560529,0.0004109844891424022,5
CQL_HalfCheetah,primary_3feature,3,0.7703367346938775,0.17082069231613975,0.0005008976384369365,0.00035893671253415025,5
CQL_HalfCheetah,primary_3feature,4,0.7075765306122449,0.19889823654085748,0.0007511653077308114,0.00029917280124134373,5
CQL_HalfCheetah,primary_3feature,5,0.6278887755102041,0.22465846496948388,0.0011862992666555757,0.0004923402874850936,5
CQL_HalfCheetah,primary_3feature,6,0.546565306122449,0.26139846086793905,0.0016755147837249468,0.0008047091775263248,5
CQL_HalfCheetah,primary_3feature,7,0.46952448979591843,0.30251590199097567,0.0026469588570039765,0.0013566388940220455,5
CQL_HalfCheetah,primary_3feature,8,0.3929285714285714,0.3446770388191379,0.004155131632227105,0.0024493689358411203,5
CQL_HalfCheetah,primary_3feature,9,0.2725908163265306,0.2892527925378444,0.0062909692954645656,0.0028352735408215925,5
CQL_HalfCheetah,primary_3feature,10,0.09247346938775511,0.08173489733789552,0.016561962127827685,0.009520400535348245,5
CQL_Hopper,action_only_sensitivity,1,0.8571428571428571,0.0,2.090949224733962e-06,4.675504603608641e-06,5
CQL_Hopper,action_only_sensitivity,2,0.8234561224489795,0.029310044558052188,0.0004806308158583823,0.00034289184310599773,5
CQL_Hopper,action_only_sensitivity,3,0.7152132653061225,0.10023309213401704,0.0020843067170259475,0.0013643529777402287,5
CQL_Hopper,action_only_sensitivity,4,0.6250714285714286,0.13660092156035056,0.014123585200967067,0.024596204900496424,5
CQL_Hopper,action_only_sensitivity,5,0.5389673469387756,0.15357892926119598,0.01713890982900918,0.02534013312459276,5
CQL_Hopper,action_only_sensitivity,6,0.4460102040816327,0.16358870843485632,0.043261945884268245,0.0697218740982634,5
CQL_Hopper,action_only_sensitivity,7,0.35008061224489795,0.16978373965963678,0.0751242703998278,0.09774786575472869,5
CQL_Hopper,action_only_sensitivity,8,0.2601510204081633,0.1577222610247563,0.10148508251755022,0.14181230621254495,5
CQL_Hopper,action_only_sensitivity,9,0.18273571428571428,0.13781085877473787,0.1706783180560224,0.2346005482050829,5
CQL_Hopper,action_only_sensitivity,10,0.09913061224489797,0.10235884805423318,0.33156040592741604,0.3733256488023301,5
CQL_Hopper,primary_3feature,1,0.8933081632653062,0.08863100047741101,0.0008820837525700143,0.0006965090185140627,5
CQL_Hopper,primary_3feature,2,0.8303806122448979,0.12301656859122342,0.011791853436951091,0.02343414767040628,5
CQL_Hopper,primary_3feature,3,0.7620489795918367,0.1569463240020721,0.03235017784810269,0.06770390862243933,5
CQL_Hopper,primary_3feature,4,0.6661816326530612,0.18090195261325354,0.013346493011562932,0.022762945342219065,5
CQL_Hopper,primary_3feature,5,0.571854081632653,0.20652694331181937,0.006467566323112625,0.002825091028625757,5
CQL_Hopper,primary_3feature,6,0.4713908163265306,0.22180379503113196,0.037021236588870785,0.057805255387187206,5
CQL_Hopper,primary_3feature,7,0.3765663265306123,0.21827695881060183,0.055765692961934066,0.06634618233703853,5
CQL_Hopper,primary_3feature,8,0.29195714285714286,0.21183303907972373,0.11521115452339578,0.16303158850360444,5
CQL_Hopper,primary_3feature,9,0.20721734693877553,0.1840283156261759,0.16021233525293854,0.2180336975387331,5
CQL_Hopper,primary_3feature,10,0.10799795918367347,0.1210554304019447,0.3228909525977315,0.35551576024175174,5
CQL_Walker2d,action_only_sensitivity,1,0.8571428571428571,0.0,6.313164088008907e-09,1.41166598956537e-08,5
CQL_Walker2d,action_only_sensitivity,2,0.8375867346938776,0.010927822889245082,0.0018243447312784214,0.000944901098452947,5
CQL_Walker2d,action_only_sensitivity,3,0.7439530612244898,0.04671969063381758,0.010430895534834561,0.007221944610295635,5
CQL_Walker2d,action_only_sensitivity,4,0.644430612244898,0.0626232251093358,0.019984404175389762,0.014902706993371958,5
CQL_Walker2d,action_only_sensitivity,5,0.5481459183673468,0.06981974299487252,0.04266039790271947,0.03252900740259239,5
CQL_Walker2d,action_only_sensitivity,6,0.44948673469387757,0.073571351846177,0.05543819908327523,0.04227332432953167,5
CQL_Walker2d,action_only_sensitivity,7,0.34688163265306127,0.07752976392021024,0.08037600210067887,0.055848013075297784,5
CQL_Walker2d,action_only_sensitivity,8,0.24988367346938775,0.07991524938676038,0.117021389420419,0.06036128176467247,5
CQL_Walker2d,action_only_sensitivity,9,0.15571938775510202,0.07314260410454136,0.20064044720866722,0.12069912765600525,5
CQL_Walker2d,action_only_sensitivity,10,0.06472857142857143,0.03807120317706597,0.40640275528401393,0.24378577914340063,5
CQL_Walker2d,primary_3feature,1,0.9220336734693877,0.06713107475631798,0.005755814738193702,0.004522395488916216,5
CQL_Walker2d,primary_3feature,2,0.818069387755102,0.06863689909311077,0.013217933034019528,0.01251369239540404,5
CQL_Walker2d,primary_3feature,3,0.7231285714285715,0.07018969807713904,0.020756069885875028,0.02048295904020872,5
CQL_Walker2d,primary_3feature,4,0.627623469387755,0.07103554273336976,0.02237707664608667,0.01715367692889239,5
CQL_Walker2d,primary_3feature,5,0.5282091836734694,0.06786795707521713,0.03901230232175958,0.03120477726169906,5
CQL_Walker2d,primary_3feature,6,0.43020408163265306,0.0612085909416349,0.04086612418718137,0.02754048882411583,5
CQL_Walker2d,primary_3feature,7,0.33216530612244893,0.06483471897902808,0.08583848278416924,0.05988237768928213,5
CQL_Walker2d,primary_3feature,8,0.24064183673469391,0.07029687776147137,0.11606312078186862,0.07124365399699122,5
CQL_Walker2d,primary_3feature,9,0.14942448979591835,0.06458269386318913,0.19663368377377508,0.11527572253403687,5
CQL_Walker2d,primary_3feature,10,0.06264081632653061,0.03513690029422839,0.3942582336015118,0.24297886886952086,5
IQL_HalfCheetah,action_only_sensitivity,1,0.8571428571428571,0.0,2.8494925204466554e-07,6.371658963375496e-07,5
IQL_HalfCheetah,action_only_sensitivity,2,0.8395551020408163,0.005894106458257613,0.00030637836582432385,0.00022715038502773953,5
IQL_HalfCheetah,action_only_sensitivity,3,0.7463816326530612,0.03172860373677626,0.0011947426492063666,0.0008978143014030581,5
IQL_HalfCheetah,action_only_sensitivity,4,0.6494489795918367,0.0403281320687136,0.00219532781143731,0.0014407046150414935,5
IQL_HalfCheetah,action_only_sensitivity,5,0.5500408163265307,0.04186397336903455,0.003725379485984435,0.0024496793299232525,5
IQL_HalfCheetah,action_only_sensitivity,6,0.45042857142857146,0.040607455202893245,0.0061073702477467484,0.0038533786824591007,5
IQL_HalfCheetah,action_only_sensitivity,7,0.35036938775510207,0.037712140925684194,0.009387212280416042,0.005895101318929197,5
IQL_HalfCheetah,action_only_sensitivity,8,0.25140408163265304,0.031223318763888706,0.016230633891852884,0.010209542952925366,5
IQL_HalfCheetah,action_only_sensitivity,9,0.15169285714285716,0.027457538258666883,0.03081596364230312,0.019737845131742166,5
IQL_HalfCheetah,action_only_sensitivity,10,0.051494897959183675,0.014090818414048063,0.1063765082703566,0.03748187717916424,5
IQL_HalfCheetah,primary_3feature,1,0.9309132653061226,0.09460478771169994,0.00030033576355849425,0.00042826562469055573,5
IQL_HalfCheetah,primary_3feature,2,0.920354081632653,0.10873630558574476,0.0004716791434364196,0.0005215253094746135,5
IQL_HalfCheetah,primary_3feature,3,0.8924081632653061,0.14626881635844485,0.0007959929701295092,0.00035764516987297205,5
IQL_HalfCheetah,primary_3feature,4,0.8416908163265304,0.15431690742097093,0.001991243234745676,0.0010389781152253248,5
IQL_HalfCheetah,primary_3feature,5,0.7088969387755102,0.12720339084367313,0.0038800223633907787,0.00274095343539142,5
IQL_HalfCheetah,primary_3feature,6,0.559265306122449,0.09570077475513906,0.006116295102087307,0.003894074552264254,5
IQL_HalfCheetah,primary_3feature,7,0.4175367346938776,0.06913007153098584,0.009383833744438347,0.005844377371687712,5
IQL_HalfCheetah,primary_3feature,8,0.2903030612244898,0.044986248650894824,0.016218997260504166,0.010218969442303109,5
IQL_HalfCheetah,primary_3feature,9,0.17351530612244898,0.03607416603358617,0.030828573875991343,0.019754473982594566,5
IQL_HalfCheetah,primary_3feature,10,0.058975510204081635,0.015486372500884495,0.10635282813609785,0.03749359433407517,5
IQL_Hopper,action_only_sensitivity,1,0.8571428571428571,0.0,1.1560989497584805e-06,2.58511583955418e-06,5
IQL_Hopper,action_only_sensitivity,2,0.8341581632653062,0.02023470127460831,0.0008837607247671461,0.00048056603344930917,5
IQL_Hopper,action_only_sensitivity,3,0.7381561224489795,0.06545711385453024,0.0040713667683483275,0.0019207608947031535,5
IQL_Hopper,action_only_sensitivity,4,0.6488510204081632,0.07749124461836392,0.009387844849560286,0.0032061378043184616,5
IQL_Hopper,action_only_sensitivity,5,0.5455581632653062,0.08446178355073132,0.02106808522351499,0.01290091287783153,5
IQL_Hopper,action_only_sensitivity,6,0.4487459183673469,0.08592991352867888,0.029109888594041823,0.011071550846938762,5
IQL_Hopper,action_only_sensitivity,7,0.35091020408163265,0.08493626702083881,0.046032793629727585,0.01516684081910416,5
IQL_Hopper,action_only_sensitivity,8,0.2522530612244898,0.08505090116662184,0.06586899794174793,0.011229082325682815,5
IQL_Hopper,action_only_sensitivity,9,0.15885,0.07266019563399904,0.1175785889211809,0.0332487464472959,5
IQL_Hopper,action_only_sensitivity,10,0.06333367346938776,0.040390799486428264,0.21049540305291603,0.04891121065250952,5
IQL_Hopper,primary_3feature,1,0.9158377551020409,0.08501675051468276,0.0002303048242931689,0.00020878224112375662,5
IQL_Hopper,primary_3feature,2,0.8317867346938776,0.11589233634719256,0.002168928556740825,0.0010373980569343643,5
IQL_Hopper,primary_3feature,3,0.7423204081632654,0.12873253235692303,0.004916172222735708,0.0028663722775580675,5
IQL_Hopper,primary_3feature,4,0.6449336734693878,0.11814793698603733,0.009453690434712,0.0030908150472318567,5
IQL_Hopper,primary_3feature,5,0.5457255102040817,0.11452902156216786,0.018699893291660365,0.012179355240491938,5
IQL_Hopper,primary_3feature,6,0.45056530612244894,0.10902429923564474,0.030585303977091888,0.014665073738350045,5
IQL_Hopper,primary_3feature,7,0.35303469387755104,0.10155290862505244,0.040371751086401106,0.00886750563303243,5
IQL_Hopper,primary_3feature,8,0.25221632653061227,0.09250973920722215,0.06920856660392105,0.01734385019215042,5
IQL_Hopper,primary_3feature,9,0.1600438775510204,0.0772675904176277,0.11760245677833223,0.03251376015089448,5
IQL_Hopper,primary_3feature,10,0.06460714285714285,0.042399613323904975,0.21126081802886637,0.049830858289411264,5
IQL_Walker2d,action_only_sensitivity,1,0.8571428571428571,0.0,2.0512075234600603e-07,4.586639441268472e-07,5
IQL_Walker2d,action_only_sensitivity,2,0.836195918367347,0.014642676970376993,0.0011794887326682507,0.0005101852655858745,5
IQL_Walker2d,action_only_sensitivity,3,0.7465846938775511,0.04558009964504965,0.004282369539776605,0.0024250286036214116,5
IQL_Walker2d,action_only_sensitivity,4,0.6449785714285714,0.05866712714169284,0.007280690824872321,0.003584583042074902,5
IQL_Walker2d,action_only_sensitivity,5,0.5477061224489795,0.066390069800987,0.01163979207014999,0.005722228285484744,5
IQL_Walker2d,action_only_sensitivity,6,0.449165306122449,0.06864274039953903,0.018287733739933622,0.008718543182458035,5
IQL_Walker2d,action_only_sensitivity,7,0.3470704081632653,0.07374884063991075,0.03483477450508471,0.016205654002359918,5
IQL_Walker2d,action_only_sensitivity,8,0.2498520408163265,0.07464496375380424,0.04931971514558555,0.01921864287736802,5
IQL_Walker2d,action_only_sensitivity,9,0.15713571428571424,0.07011153182639593,0.07271970761343358,0.042228228823259745,5
IQL_Walker2d,action_only_sensitivity,10,0.062127551020408164,0.0411136449594705,0.15622467994229677,0.06564351382029669,5
IQL_Walker2d,primary_3feature,1,0.912362244897959,0.07133927891825383,0.0017863699461546912,0.001525595740911018,5
IQL_Walker2d,primary_3feature,2,0.8206142857142857,0.1245476765431577,0.0038296018940546933,0.0023042829866891557,5
IQL_Walker2d,primary_3feature,3,0.7298204081632653,0.11716927869029771,0.005563271271990561,0.003284137296018605,5
IQL_Walker2d,primary_3feature,4,0.6329020408163265,0.09897987852367483,0.006699487445380206,0.00393866381890191,5
IQL_Walker2d,primary_3feature,5,0.5386244897959183,0.09320976271657899,0.01300396157940755,0.00819477207206991,5
IQL_Walker2d,primary_3feature,6,0.4399612244897959,0.08824897532361756,0.020636906053187676,0.00675241672832466,5
IQL_Walker2d,primary_3feature,7,0.3368173469387755,0.07448845910178706,0.03212031880373166,0.015211423708273407,5
IQL_Walker2d,primary_3feature,8,0.24122551020408167,0.06725726582556488,0.04230831008242494,0.016732453940267004,5
IQL_Walker2d,primary_3feature,9,0.1478091836734694,0.058850597387711055,0.0746015246296309,0.044280137298027177,5
IQL_Walker2d,primary_3feature,10,0.057518367346938784,0.036325311619652904,0.15521940552859087,0.06922801766241689,5
