cell,model,policy_seed,reliability_decile,n,mean_reliability_score,median_reliability_score,mean_observed_C10,median_observed_C10
IQL_Hopper,primary_3feature,0,1,70,0.8444030612244897,0.8351785714285714,0.00018764889822830977,0.0
IQL_Hopper,primary_3feature,0,2,70,0.7603214285714287,0.7623214285714286,0.0015880512956913918,0.0005362178201358536
IQL_Hopper,primary_3feature,0,3,70,0.6679387755102042,0.6669642857142857,0.003586080990272525,0.002458169969303925
IQL_Hopper,primary_3feature,0,4,70,0.5719183673469388,0.5691071428571428,0.007683969022916699,0.007335444499293686
IQL_Hopper,primary_3feature,0,5,70,0.4758469387755102,0.4735714285714286,0.014615846338522604,0.01350261288114507
IQL_Hopper,primary_3feature,0,6,70,0.37822959183673466,0.3748214285714286,0.02655754778125693,0.027557033534720998
IQL_Hopper,primary_3feature,0,7,70,0.28720408163265304,0.28964285714285715,0.04250093287043267,0.047230134783752487
IQL_Hopper,primary_3feature,0,8,70,0.18187244897959182,0.1810714285714286,0.06689939954373814,0.07069010784290097
IQL_Hopper,primary_3feature,0,9,70,0.09585714285714286,0.09607142857142853,0.14034983949723226,0.11693335621077083
IQL_Hopper,primary_3feature,0,10,70,0.028265306122448968,0.02910714285714283,0.25141939819942416,0.2239213440759314
IQL_Hopper,primary_3feature,1,1,70,0.8050408163265308,0.8125,2.4259103500339537e-05,0.0
IQL_Hopper,primary_3feature,1,2,70,0.6668979591836734,0.6575,0.003053148153170103,0.0008455070528254893
IQL_Hopper,primary_3feature,1,3,70,0.5634030612244898,0.5596428571428571,0.006410125637038725,0.0046873642589040365
IQL_Hopper,primary_3feature,1,4,70,0.47866836734693874,0.4858928571428571,0.01322646498983259,0.010168151597133246
IQL_Hopper,primary_3feature,1,5,70,0.3843316326530613,0.37875,0.023052319398064364,0.019805802566779995
IQL_Hopper,primary_3feature,1,6,70,0.3011887755102041,0.30214285714285716,0.033375570828615975,0.027422728194972934
IQL_Hopper,primary_3feature,1,7,70,0.21513265306122445,0.21785714285714286,0.05199506739748555,0.04694372029107052
IQL_Hopper,primary_3feature,1,8,70,0.13458673469387758,0.13035714285714284,0.08093983192923611,0.06808251141010402
IQL_Hopper,primary_3feature,1,9,70,0.06424999999999999,0.06785714285714284,0.14228660779180127,0.12638456892396732
IQL_Hopper,primary_3feature,1,10,70,0.013091836734693876,0.011964285714285705,0.22651555137751805,0.19903611042579183
IQL_Hopper,primary_3feature,2,1,70,0.9900510204081635,0.9933928571428572,0.00025018313664943684,8.881784197001252e-16
IQL_Hopper,primary_3feature,2,2,70,0.9262908163265307,0.9219642857142857,0.0014530222461984544,0.001140451707267509
IQL_Hopper,primary_3feature,2,3,70,0.834469387755102,0.8360714285714286,0.002885625099609422,0.0019131885919214664
IQL_Hopper,primary_3feature,2,4,70,0.739515306122449,0.7417857142857143,0.011222101165422441,0.0022123725027427543
IQL_Hopper,primary_3feature,2,5,70,0.6507193877551021,0.6496428571428572,0.03767245977530519,0.007856990999939972
IQL_Hopper,primary_3feature,2,6,70,0.5560969387755103,0.5557142857142857,0.05458456394916996,0.016151346673553446
IQL_Hopper,primary_3feature,2,7,70,0.4592551020408163,0.4569642857142857,0.0414283942447575,0.02599266014737167
IQL_Hopper,primary_3feature,2,8,70,0.35528571428571426,0.3567857142857143,0.09213886422417104,0.04158969903279264
IQL_Hopper,primary_3feature,2,9,70,0.24141836734693878,0.2489285714285714,0.1413636085554351,0.08045012357840853
IQL_Hopper,primary_3feature,2,10,70,0.1079030612244898,0.11535714285714288,0.25592924001129863,0.20355779756265302
IQL_Hopper,primary_3feature,3,1,70,0.9600765306122451,0.9671428571428572,0.0001172186638170647,0.0
IQL_Hopper,primary_3feature,3,2,70,0.8678061224489796,0.8608928571428571,0.0012376935412105764,0.0004301401623255652
IQL_Hopper,primary_3feature,3,3,70,0.7626122448979592,0.7619642857142856,0.0024585013721737984,0.0011002979312682015
IQL_Hopper,primary_3feature,3,4,70,0.6757755102040816,0.6721428571428572,0.005264964520652814,0.004210282863235992
IQL_Hopper,primary_3feature,3,5,70,0.5732295918367349,0.5701785714285714,0.011595215605130955,0.01020311344292224
IQL_Hopper,primary_3feature,3,6,70,0.4761479591836734,0.48000000000000004,0.018418428311408774,0.016624796431423117
IQL_Hopper,primary_3feature,3,7,70,0.3712602040816327,0.3769642857142857,0.027304853183106107,0.021924293487393
IQL_Hopper,primary_3feature,3,8,70,0.2699744897959184,0.26857142857142857,0.05067181675640307,0.045939247708797426
IQL_Hopper,primary_3feature,3,9,70,0.1784489795918367,0.18392857142857144,0.08323820492606958,0.08411146647253787
IQL_Hopper,primary_3feature,3,10,70,0.07367857142857143,0.07071428571428567,0.18449648876289185,0.1743902712244505
IQL_Hopper,primary_3feature,4,1,70,0.9796173469387756,0.9810714285714286,0.0005722143192706935,0.0
IQL_Hopper,primary_3feature,4,2,70,0.9376173469387753,0.9369642857142857,0.0035127275474335995,0.0029659379788837814
IQL_Hopper,primary_3feature,4,3,70,0.8831785714285715,0.8864285714285715,0.009240528014584071,0.0038324483386227848
IQL_Hopper,primary_3feature,4,4,70,0.7587908163265308,0.74875,0.009870952474735458,0.0016482542584255189
IQL_Hopper,primary_3feature,4,5,70,0.6445000000000001,0.64125,0.006563625341278712,0.0029250276099687667
IQL_Hopper,primary_3feature,4,6,70,0.5411632653061224,0.5417857142857143,0.0199904090150078,0.011065470038908565
IQL_Hopper,primary_3feature,4,7,70,0.4323214285714286,0.4392857142857143,0.038629507736223714,0.022974060153708065
IQL_Hopper,primary_3feature,4,8,70,0.31936224489795917,0.32107142857142856,0.055392920566056894,0.04467464237155139
IQL_Hopper,primary_3feature,4,9,70,0.2202448979591837,0.22375,0.080774023121123,0.08014988952823776
IQL_Hopper,primary_3feature,4,10,70,0.10009693877551021,0.10124999999999995,0.13794341179319933,0.12963443492850413
IQL_Hopper,action_only_sensitivity,0,1,70,0.8571428571428571,0.8571428571428572,4.520193743116708e-16,0.0
IQL_Hopper,action_only_sensitivity,0,2,70,0.8373061224489795,0.84875,0.0007132661063693543,0.00013709249847604354
IQL_Hopper,action_only_sensitivity,0,3,70,0.7139591836734693,0.7103571428571429,0.0040316009151612625,0.003926022376248728
IQL_Hopper,action_only_sensitivity,0,4,70,0.6139897959183673,0.6212500000000001,0.009103972078539977,0.009035262548663936
IQL_Hopper,action_only_sensitivity,0,5,70,0.5033877551020408,0.5008928571428571,0.014010521057011997,0.013417085078372581
IQL_Hopper,action_only_sensitivity,0,6,70,0.39991326530612253,0.3975,0.02721097204561014,0.02822630119643793
IQL_Hopper,action_only_sensitivity,0,7,70,0.3002244897959184,0.3032142857142857,0.042977116417026895,0.04685288698902834
IQL_Hopper,action_only_sensitivity,0,8,70,0.19081122448979598,0.19267857142857142,0.06818473509178509,0.07319731261782958
IQL_Hopper,action_only_sensitivity,0,9,70,0.09878571428571427,0.1007142857142857,0.1374517504257327,0.11398954029868025
IQL_Hopper,action_only_sensitivity,0,10,70,0.029336734693877535,0.030178571428571388,0.2517047803004779,0.2239213440759314
IQL_Hopper,action_only_sensitivity,1,1,70,0.8571428571428571,0.8571428571428572,4.789819334811389e-16,0.0
IQL_Hopper,action_only_sensitivity,1,2,70,0.7994642857142858,0.7987500000000001,0.0017249318050154203,0.00019120412476181237
IQL_Hopper,action_only_sensitivity,1,3,70,0.6368163265306122,0.6385714285714286,0.007396704620488246,0.00672523827601923
IQL_Hopper,action_only_sensitivity,1,4,70,0.5332040816326532,0.5360714285714285,0.012009300076264724,0.01040762189966049
IQL_Hopper,action_only_sensitivity,1,5,70,0.42140306122448984,0.41678571428571426,0.02364044682572885,0.022699727766060218
IQL_Hopper,action_only_sensitivity,1,6,70,0.3255714285714285,0.32142857142857145,0.03397794715597262,0.029136448405287507
IQL_Hopper,action_only_sensitivity,1,7,70,0.23396428571428574,0.235,0.05291447110666198,0.04694372029107052
IQL_Hopper,action_only_sensitivity,1,8,70,0.1423724489795918,0.1369642857142857,0.08060609198027743,0.06808251141010402
IQL_Hopper,action_only_sensitivity,1,9,70,0.06868367346938777,0.07035714285714284,0.14687068436383602,0.12638456892396732
IQL_Hopper,action_only_sensitivity,1,10,70,0.013551020408163264,0.012142857142857122,0.22173836867201738,0.19710996231459765
IQL_Hopper,action_only_sensitivity,2,1,70,0.8571428571428571,0.8571428571428572,5.78049474732215e-06,0.0
IQL_Hopper,action_only_sensitivity,2,2,70,0.8497346938775511,0.8542857142857143,0.0005032788056528499,5.691946495156586e-05
IQL_Hopper,action_only_sensitivity,2,3,70,0.7997091836734693,0.8010714285714287,0.0027230434116928366,0.002210164003902393
IQL_Hopper,action_only_sensitivity,2,4,70,0.7256224489795917,0.7348214285714285,0.013251006895648116,0.00410819320844058
IQL_Hopper,action_only_sensitivity,2,5,70,0.6314795918367345,0.6341071428571429,0.04251823146383013,0.009884479355843467
IQL_Hopper,action_only_sensitivity,2,6,70,0.5364438775510202,0.5271428571428571,0.0456190507040655,0.015387470335806563
IQL_Hopper,action_only_sensitivity,2,7,70,0.4468520408163265,0.4489285714285714,0.0682735406744214,0.024148489542567764
IQL_Hopper,action_only_sensitivity,2,8,70,0.3494642857142857,0.34517857142857145,0.07058154134899465,0.038936474055119685
IQL_Hopper,action_only_sensitivity,2,9,70,0.2377295918367347,0.24,0.14071599872166105,0.08124069843684212
IQL_Hopper,action_only_sensitivity,2,10,70,0.10605612244897959,0.11624999999999996,0.25473658988730336,0.21090804991406786
IQL_Hopper,action_only_sensitivity,3,1,70,0.8571428571428571,0.8571428571428572,3.108624468950438e-16,0.0
IQL_Hopper,action_only_sensitivity,3,2,70,0.8369438775510204,0.8382142857142857,0.0007501682737436535,0.0002390001216344695
IQL_Hopper,action_only_sensitivity,3,3,70,0.755188775510204,0.7575000000000001,0.0031439400162115833,0.0029914041023950677
IQL_Hopper,action_only_sensitivity,3,4,70,0.6655,0.6646428571428572,0.006376999250896398,0.006018729569704173
IQL_Hopper,action_only_sensitivity,3,5,70,0.566688775510204,0.56625,0.01095857229006628,0.008897342827055676
IQL_Hopper,action_only_sensitivity,3,6,70,0.4717397959183674,0.47482142857142856,0.018754913884985763,0.016624796431423117
IQL_Hopper,action_only_sensitivity,3,7,70,0.36630102040816326,0.3646428571428571,0.029188310762474513,0.025773128649377308
IQL_Hopper,action_only_sensitivity,3,8,70,0.268219387755102,0.26821428571428574,0.05161357071567446,0.04533666193692454
IQL_Hopper,action_only_sensitivity,3,9,70,0.1770204081632653,0.18142857142857144,0.07828324409938064,0.07962804308962024
IQL_Hopper,action_only_sensitivity,3,10,70,0.07329081632653063,0.07053571428571426,0.1857336663494309,0.1743902712244505
IQL_Hopper,action_only_sensitivity,4,1,70,0.8571428571428571,0.8571428571428572,2.283887364943179e-16,0.0
IQL_Hopper,action_only_sensitivity,4,2,70,0.8473418367346941,0.8523214285714286,0.0007271586330544525,0.00014260093139362162
IQL_Hopper,action_only_sensitivity,4,3,70,0.7851071428571428,0.7875,0.003061544878187707,0.002973960487262617
IQL_Hopper,action_only_sensitivity,4,4,70,0.7059387755102039,0.7112499999999999,0.0061979459464522185,0.00591645186835843
IQL_Hopper,action_only_sensitivity,4,5,70,0.6048316326530613,0.6053571428571429,0.014212654480937703,0.010536799248467288
IQL_Hopper,action_only_sensitivity,4,6,70,0.510061224489796,0.5098214285714285,0.019986559179575075,0.016553577551342458
IQL_Hopper,action_only_sensitivity,4,7,70,0.40720918367346937,0.40732142857142856,0.03681052918805313,0.02933956265339055
IQL_Hopper,action_only_sensitivity,4,8,70,0.3103979591836735,0.3048214285714286,0.05835905057200802,0.048139219368432684
IQL_Hopper,action_only_sensitivity,4,9,70,0.21203061224489794,0.21285714285714286,0.08457126699529405,0.08475670902261961
IQL_Hopper,action_only_sensitivity,4,10,70,0.09443367346938776,0.09642857142857142,0.13856361005535067,0.13308830331440058
IQL_HalfCheetah,primary_3feature,0,1,70,1.0,1.0,0.00046461472629138545,0.00012238125284769197
IQL_HalfCheetah,primary_3feature,0,2,70,1.0,1.0,0.0004393311308240357,9.014900216208765e-05
IQL_HalfCheetah,primary_3feature,0,3,70,1.0,1.0,0.0004885750463047416,7.857953270173912e-05
IQL_HalfCheetah,primary_3feature,0,4,70,0.9293673469387755,0.9253571428571429,0.0021909957626922096,0.0024443720797552304
IQL_HalfCheetah,primary_3feature,0,5,70,0.7997908163265307,0.7985714285714286,0.00375684504594377,0.004096892190512347
IQL_HalfCheetah,primary_3feature,0,6,70,0.6536581632653062,0.6630357142857143,0.006801924983323177,0.007322887027030989
IQL_HalfCheetah,primary_3feature,0,7,70,0.4864591836734696,0.48732142857142857,0.010840134668806806,0.011435901987294939
IQL_HalfCheetah,primary_3feature,0,8,70,0.3249591836734694,0.3207142857142857,0.01825351263752821,0.01994777653926294
IQL_HalfCheetah,primary_3feature,0,9,70,0.18455102040816324,0.17678571428571427,0.036791704900063116,0.03704469232466723
IQL_HalfCheetah,primary_3feature,0,10,70,0.0626326530612245,0.06571428571428573,0.09146603824880424,0.08044894736380681
IQL_HalfCheetah,primary_3feature,1,1,70,1.0,1.0,2.669191545568201e-05,5.551115123125783e-16
IQL_HalfCheetah,primary_3feature,1,2,70,0.9992704081632653,0.9992857142857143,0.00028287300722544897,0.00014286490726458934
IQL_HalfCheetah,primary_3feature,1,3,70,0.9972040816326531,0.9975,0.0008757189174487455,0.0008545143102482722
IQL_HalfCheetah,primary_3feature,1,4,70,0.9493826530612245,0.9242857142857143,0.0016082018470531295,0.0015531972403196592
IQL_HalfCheetah,primary_3feature,1,5,70,0.8157397959183672,0.8121428571428572,0.0025404234584915047,0.002256480764503299
IQL_HalfCheetah,primary_3feature,1,6,70,0.6601020408163265,0.6575,0.004089065438604342,0.004046745908510063
IQL_HalfCheetah,primary_3feature,1,7,70,0.498454081632653,0.50875,0.005996143199271312,0.005010250082322448
IQL_HalfCheetah,primary_3feature,1,8,70,0.34897959183673477,0.3467857142857143,0.010906147516794756,0.010562892135181523
IQL_HalfCheetah,primary_3feature,1,9,70,0.22935714285714284,0.23928571428571432,0.015334990010209132,0.013838665908057851
IQL_HalfCheetah,primary_3feature,1,10,70,0.07950510204081633,0.07660714285714282,0.09191143147790705,0.06899204732309801
IQL_HalfCheetah,primary_3feature,2,1,70,1.0,1.0,0.0009835417957480533,2.804340579085074e-05
IQL_HalfCheetah,primary_3feature,2,2,70,1.0,1.0,0.001374918447248037,0.0006850674572318471
IQL_HalfCheetah,primary_3feature,2,3,70,1.0,1.0,0.001356699167812135,0.00019618388050446356
IQL_HalfCheetah,primary_3feature,2,4,70,0.9815153061224486,0.9989285714285714,0.0036592351882509017,0.0035062667810732973
IQL_HalfCheetah,primary_3feature,2,5,70,0.7883367346938775,0.8262499999999999,0.00856485843844457,0.008294126908836616
IQL_HalfCheetah,primary_3feature,2,6,70,0.5495204081632652,0.5573214285714285,0.012427007971726028,0.010628087222992855
IQL_HalfCheetah,primary_3feature,2,7,70,0.3785969387755103,0.38303571428571426,0.01875602728163921,0.017970724748933103
IQL_HalfCheetah,primary_3feature,2,8,70,0.2614693877551021,0.265,0.032908612569635176,0.03184876885115351
IQL_HalfCheetah,primary_3feature,2,9,70,0.14341836734693877,0.14285714285714285,0.06293076518931673,0.061954968110758846
IQL_HalfCheetah,primary_3feature,2,10,70,0.04381122448979592,0.04660714285714285,0.1679153330940058,0.15376050976165279
IQL_HalfCheetah,primary_3feature,3,1,70,0.828494897959184,0.8207142857142857,2.6830380296765418e-05,5.551115123125783e-16
IQL_HalfCheetah,primary_3feature,3,2,70,0.8032551020408166,0.8039285714285714,0.00016804728246645235,1.6286799589343426e-05
IQL_HalfCheetah,primary_3feature,3,3,70,0.7436122448979593,0.7432142857142857,0.0007725550520605029,0.0007201392896223069
IQL_HalfCheetah,primary_3feature,3,4,70,0.6850969387755101,0.6967857142857142,0.0016002544087791923,0.0017179087007943572
IQL_HalfCheetah,primary_3feature,3,5,70,0.5829897959183673,0.5828571428571429,0.0030116502199542786,0.0029371846278675173
IQL_HalfCheetah,primary_3feature,3,6,70,0.4779081632653061,0.4730357142857143,0.00502894625074655,0.005012495275691059
IQL_HalfCheetah,primary_3feature,3,7,70,0.37081122448979603,0.37625000000000003,0.007601076578082132,0.007321984235769213
IQL_HalfCheetah,primary_3feature,3,8,70,0.27447959183673465,0.2766071428571429,0.012417597930004269,0.011799634779726564
IQL_HalfCheetah,primary_3feature,3,9,70,0.16896428571428573,0.17107142857142854,0.019707811827964612,0.01975132230480156
IQL_HalfCheetah,primary_3feature,3,10,70,0.06572959183673469,0.06767857142857142,0.06921852883761916,0.05287824744979941
IQL_HalfCheetah,primary_3feature,4,1,70,0.8260714285714289,0.8260714285714286,5.852461372666897e-16,5.551115123125783e-16
IQL_HalfCheetah,primary_3feature,4,2,70,0.7992448979591836,0.8042857142857143,9.32258494181239e-05,1.7780566369585138e-05
IQL_HalfCheetah,primary_3feature,4,3,70,0.7212244897959182,0.7208928571428572,0.00048641666702142126,0.0004591158754786162
IQL_HalfCheetah,primary_3feature,4,4,70,0.6630918367346937,0.6642857142857143,0.0008975289669529481,0.0009141200442011055
IQL_HalfCheetah,primary_3feature,4,5,70,0.5576275510204083,0.5567857142857143,0.0015263346541197701,0.0015289270984212427
IQL_HalfCheetah,primary_3feature,4,6,70,0.45513775510204085,0.45625,0.00223453086603644,0.0022182289640203523
IQL_HalfCheetah,primary_3feature,4,7,70,0.35336224489795914,0.34482142857142856,0.0037257869943922773,0.0036886619888962385
IQL_HalfCheetah,primary_3feature,4,8,70,0.2416275510204082,0.2405357142857143,0.006609115648558412,0.006226091278654422
IQL_HalfCheetah,primary_3feature,4,9,70,0.14128571428571424,0.14107142857142857,0.01937759745240314,0.016504683859203423
IQL_HalfCheetah,primary_3feature,4,10,70,0.043198979591836745,0.04428571428571426,0.111252809022153,0.0821265383702405
IQL_HalfCheetah,action_only_sensitivity,0,1,70,0.8571428571428571,0.8571428571428572,2.6010939434075097e-16,0.0
IQL_HalfCheetah,action_only_sensitivity,0,2,70,0.844234693877551,0.8512500000000001,0.00024648602756970815,0.00010251600351396384
IQL_HalfCheetah,action_only_sensitivity,0,3,70,0.7762295918367345,0.7825,0.0010530513254730612,0.001020239985545346
IQL_HalfCheetah,action_only_sensitivity,0,4,70,0.6821326530612245,0.6900000000000001,0.0022473700282093835,0.002417353097275754
IQL_HalfCheetah,action_only_sensitivity,0,5,70,0.5804948979591837,0.5826785714285714,0.00379345433080373,0.004096892190512347
IQL_HalfCheetah,action_only_sensitivity,0,6,70,0.4750153061224491,0.47678571428571426,0.006801924983323177,0.007322887027030989
IQL_HalfCheetah,action_only_sensitivity,0,7,70,0.37335204081632645,0.37035714285714283,0.010840134668806806,0.011435901987294939
IQL_HalfCheetah,action_only_sensitivity,0,8,70,0.26433673469387753,0.26321428571428573,0.01825351263752821,0.01994777653926294
IQL_HalfCheetah,action_only_sensitivity,0,9,70,0.15022959183673473,0.14857142857142858,0.03667330422876929,0.03704469232466723
IQL_HalfCheetah,action_only_sensitivity,0,10,70,0.052030612244897946,0.053392857142857186,0.09158443892009804,0.08044894736380681
IQL_HalfCheetah,action_only_sensitivity,1,1,70,0.8571428571428571,0.8571428571428572,6.724779463443805e-16,5.551115123125783e-16
IQL_HalfCheetah,action_only_sensitivity,1,2,70,0.8363826530612245,0.8433928571428572,0.000251273821474503,0.00014697934099242027
IQL_HalfCheetah,action_only_sensitivity,1,3,70,0.7442806122448979,0.7503571428571428,0.0009022977242898276,0.0008883335104720447
IQL_HalfCheetah,action_only_sensitivity,1,4,70,0.6495051020408162,0.6487499999999999,0.0016399141414180029,0.0016342681299355566
IQL_HalfCheetah,action_only_sensitivity,1,5,70,0.5609285714285716,0.5625,0.0025404234584915047,0.002256480764503299
IQL_HalfCheetah,action_only_sensitivity,1,6,70,0.46675510204081627,0.4567857142857143,0.004055839466693498,0.004046745908510063
IQL_HalfCheetah,action_only_sensitivity,1,7,70,0.3730102040816326,0.3742857142857143,0.005915836511585848,0.005010250082322448
IQL_HalfCheetah,action_only_sensitivity,1,8,70,0.2767193877551021,0.2764285714285714,0.011019680176391064,0.010790888339425486
IQL_HalfCheetah,action_only_sensitivity,1,9,70,0.18498979591836737,0.1896428571428571,0.015334990010209132,0.013838665908057851
IQL_HalfCheetah,action_only_sensitivity,1,10,70,0.06417857142857142,0.062142857142857166,0.09191143147790705,0.06899204732309801
IQL_HalfCheetah,action_only_sensitivity,2,1,70,0.8571428571428571,0.8571428571428572,9.44482587377544e-16,8.326672684688674e-16
IQL_HalfCheetah,action_only_sensitivity,2,2,70,0.832545918367347,0.8516071428571428,0.0007035824882882815,0.00017700488615690624
IQL_HalfCheetah,action_only_sensitivity,2,3,70,0.7039081632653063,0.7110714285714286,0.002752952536014837,0.0023282064434063665
IQL_HalfCheetah,action_only_sensitivity,2,4,70,0.5881479591836734,0.5846428571428571,0.004623342456078836,0.0040682161056616595
IQL_HalfCheetah,action_only_sensitivity,2,5,70,0.4815408163265306,0.4842857142857143,0.0078593755571208,0.0079534584388537
IQL_HalfCheetah,action_only_sensitivity,2,6,70,0.3815510204081632,0.3842857142857143,0.012329808604152084,0.010628087222992855
IQL_HalfCheetah,action_only_sensitivity,2,7,70,0.2858469387755102,0.2914285714285714,0.018853226649213153,0.01887542157280142
IQL_HalfCheetah,action_only_sensitivity,2,8,70,0.20267346938775507,0.20857142857142857,0.032908612569635176,0.03184876885115351
IQL_HalfCheetah,action_only_sensitivity,2,9,70,0.11410714285714287,0.11339285714285718,0.0629307651893167,0.061954968110758846
IQL_HalfCheetah,action_only_sensitivity,2,10,70,0.03282653061224489,0.03553571428571428,0.1679153330940058,0.15376050976165279
IQL_HalfCheetah,action_only_sensitivity,3,1,70,0.8571428571428571,0.8571428571428572,1.4247462577689417e-06,5.551115123125783e-16
IQL_HalfCheetah,action_only_sensitivity,3,2,70,0.8469285714285715,0.85125,0.00019824449465359487,3.948487194690986e-05
IQL_HalfCheetah,action_only_sensitivity,3,3,70,0.7784336734693877,0.7776785714285714,0.0008043053501372466,0.0008169221733978493
IQL_HalfCheetah,action_only_sensitivity,3,4,70,0.6889438775510204,0.6928571428571428,0.0015822522553402202,0.0017179087007943572
IQL_HalfCheetah,action_only_sensitivity,3,5,70,0.5848724489795918,0.5853571428571429,0.002907309429386369,0.002992807116572155
IQL_HalfCheetah,action_only_sensitivity,3,6,70,0.48158163265306125,0.47928571428571426,0.0051147473185285414,0.005012495275691059
IQL_HalfCheetah,action_only_sensitivity,3,7,70,0.3721938775510204,0.3719642857142857,0.00760107657808213,0.007321984235769213
IQL_HalfCheetah,action_only_sensitivity,3,8,70,0.27483673469387754,0.2796428571428572,0.012362248427151558,0.011799634779726564
IQL_HalfCheetah,action_only_sensitivity,3,9,70,0.16998979591836735,0.17267857142857146,0.019763161330817323,0.01975132230480156
IQL_HalfCheetah,action_only_sensitivity,3,10,70,0.06583163265306123,0.06910714285714287,0.06921852883761916,0.05287824744979941
IQL_HalfCheetah,action_only_sensitivity,4,1,70,0.8571428571428571,0.8571428571428572,5.773159728050814e-16,5.551115123125783e-16
IQL_HalfCheetah,action_only_sensitivity,4,2,70,0.8376836734693879,0.8492857142857143,0.00013230499713553183,1.7780566369585138e-05
IQL_HalfCheetah,action_only_sensitivity,4,3,70,0.7290561224489797,0.7324999999999999,0.00046110631011686077,0.00045751937254953634
IQL_HalfCheetah,action_only_sensitivity,4,4,70,0.6385153061224488,0.6366071428571429,0.0008837601761401085,0.0008701935912992509
IQL_HalfCheetah,action_only_sensitivity,4,5,70,0.5423673469387755,0.5423214285714286,0.0015263346541197701,0.0015289270984212427
IQL_HalfCheetah,action_only_sensitivity,4,6,70,0.4472397959183673,0.4519642857142857,0.00223453086603644,0.0022182289640203523
IQL_HalfCheetah,action_only_sensitivity,4,7,70,0.34744387755102046,0.34160714285714283,0.0037257869943922773,0.0036886619888962385
IQL_HalfCheetah,action_only_sensitivity,4,8,70,0.23845408163265305,0.23357142857142854,0.006609115648558412,0.006226091278654422
IQL_HalfCheetah,action_only_sensitivity,4,9,70,0.13914795918367348,0.13857142857142857,0.01937759745240314,0.016504683859203423
IQL_HalfCheetah,action_only_sensitivity,4,10,70,0.04260714285714286,0.0416071428571429,0.111252809022153,0.0821265383702405
IQL_Walker2d,primary_3feature,0,1,70,0.9890102040816322,0.9892857142857143,0.0004031614458167608,0.0
IQL_Walker2d,primary_3feature,0,2,70,0.9580765306122451,0.9635714285714285,0.0012016130610143045,4.478130153273696e-05
IQL_Walker2d,primary_3feature,0,3,70,0.8450102040816325,0.8444642857142857,0.0021072824785663712,0.00011169341209793515
IQL_Walker2d,primary_3feature,0,4,70,0.6789336734693875,0.6866071428571429,0.0032367488178657055,0.0003459970380639277
IQL_Walker2d,primary_3feature,0,5,70,0.5258316326530612,0.5233928571428571,0.006221329285895091,0.002538303239620454
IQL_Walker2d,primary_3feature,0,6,70,0.39530612244897956,0.39267857142857143,0.010267983452471034,0.002419289311598405
IQL_Walker2d,primary_3feature,0,7,70,0.2771785714285715,0.27660714285714283,0.02067569156015419,0.008786670994460621
IQL_Walker2d,primary_3feature,0,8,70,0.17428061224489796,0.16535714285714287,0.021065437999612666,0.007541507987193441
IQL_Walker2d,primary_3feature,0,9,70,0.08785714285714286,0.08732142857142855,0.0347410608640944,0.01422028895041505
IQL_Walker2d,primary_3feature,0,10,70,0.016612244897959177,0.013928571428571401,0.12905224637004983,0.056611085659618254
IQL_Walker2d,primary_3feature,1,1,70,0.965,0.9667857142857144,0.0015737475956820544,0.00032786542971940946
IQL_Walker2d,primary_3feature,1,2,70,0.9087959183673467,0.9139285714285714,0.00453285243057013,0.0017210052208724846
IQL_Walker2d,primary_3feature,1,3,70,0.8230204081632654,0.8219642857142857,0.006853958535505164,0.003034914183929871
IQL_Walker2d,primary_3feature,1,4,70,0.7309642857142858,0.7260714285714286,0.0042326297101790734,0.0001173085491141812
IQL_Walker2d,primary_3feature,1,5,70,0.6620255102040815,0.6673214285714286,0.008771535577161867,0.004971244467860014
IQL_Walker2d,primary_3feature,1,6,70,0.5695918367346938,0.5719642857142857,0.01753607858376362,0.012226311319444072
IQL_Walker2d,primary_3feature,1,7,70,0.44034693877551023,0.4448214285714286,0.025488919484469488,0.023291110921648372
IQL_Walker2d,primary_3feature,1,8,70,0.3097500000000001,0.30946428571428575,0.050483174429074525,0.04496949460777522
IQL_Walker2d,primary_3feature,1,9,70,0.18248469387755104,0.18660714285714286,0.07940509940817353,0.07581579703728725
IQL_Walker2d,primary_3feature,1,10,70,0.06552551020408164,0.06624999999999998,0.13177761609066704,0.12109486285660509
IQL_Walker2d,primary_3feature,2,1,70,0.8420918367346938,0.8498214285714285,0.004333830222293804,0.00028328307185798707
IQL_Walker2d,primary_3feature,2,2,70,0.6394336734693878,0.6280357142857143,0.006359930417132485,0.0014408460891388586
IQL_Walker2d,primary_3feature,2,3,70,0.5520510204081633,0.5558928571428572,0.009028796606728446,0.0014407645341663056
IQL_Walker2d,primary_3feature,2,4,70,0.4741836734693878,0.46982142857142856,0.01214106390831008,0.004134994149531002
IQL_Walker2d,primary_3feature,2,5,70,0.4093877551020408,0.41035714285714286,0.0256825647516325,0.010947025209884442
IQL_Walker2d,primary_3feature,2,6,70,0.33492346938775525,0.34035714285714286,0.026143605948775583,0.008035333038328929
IQL_Walker2d,primary_3feature,2,7,70,0.25282653061224486,0.2575,0.05766831162500112,0.0229954443683118
IQL_Walker2d,primary_3feature,2,8,70,0.169984693877551,0.16749999999999998,0.06541387030461346,0.036372925563512126
IQL_Walker2d,primary_3feature,2,9,70,0.0930765306122449,0.0932142857142857,0.14836928139845068,0.07682842834345527
IQL_Walker2d,primary_3feature,2,10,70,0.03028061224489795,0.03392857142857142,0.2779946672486219,0.16991531149372285
IQL_Walker2d,primary_3feature,3,1,70,0.8326938775510204,0.8258928571428572,0.0008583703712197981,8.881784197001252e-16
IQL_Walker2d,primary_3feature,3,2,70,0.7704387755102041,0.7657142857142857,0.0016225928338520165,2.7533531010703882e-14
IQL_Walker2d,primary_3feature,3,3,70,0.7355918367346937,0.7358928571428571,0.002025483647919118,0.0014366281934574676
IQL_Walker2d,primary_3feature,3,4,70,0.6730357142857143,0.675,0.004274554841385933,0.0033669932104349876
IQL_Walker2d,primary_3feature,3,5,70,0.583188775510204,0.585,0.007558678689118013,0.005561930435875162
IQL_Walker2d,primary_3feature,3,6,70,0.4736479591836735,0.47696428571428573,0.02588768525524117,0.010471471493559648
IQL_Walker2d,primary_3feature,3,7,70,0.3513673469387754,0.3533928571428572,0.034299554105620994,0.018552682130514864
IQL_Walker2d,primary_3feature,3,8,70,0.24945408163265306,0.24928571428571433,0.03432567698526593,0.029034424524663427
IQL_Walker2d,primary_3feature,3,9,70,0.14999489795918372,0.14375,0.05077150956518374,0.04762505401635986
IQL_Walker2d,primary_3feature,3,10,70,0.06533163265306124,0.06482142857142859,0.12826475946743215,0.07619383628221499
IQL_Walker2d,primary_3feature,4,1,70,0.9330153061224491,0.9303571428571429,0.0017627400957610378,0.0001348002083505495
IQL_Walker2d,primary_3feature,4,2,70,0.826326530612245,0.8269642857142857,0.00543102072770453,0.002290882374061054
IQL_Walker2d,primary_3feature,4,3,70,0.6934285714285713,0.6825,0.007800835091233707,0.002975313180941075
IQL_Walker2d,primary_3feature,4,4,70,0.6073928571428572,0.6053571428571429,0.009612439949160242,0.005108971750460878
IQL_Walker2d,primary_3feature,4,5,70,0.5126887755102041,0.5139285714285714,0.01678569959323028,0.008491340185377005
IQL_Walker2d,primary_3feature,4,6,70,0.4263367346938776,0.42660714285714285,0.02334917702568698,0.015300018879401911
IQL_Walker2d,primary_3feature,4,7,70,0.3623673469387756,0.36160714285714285,0.022469117243412537,0.01118387548252553
IQL_Walker2d,primary_3feature,4,8,70,0.3026581632653061,0.3003571428571429,0.0402533906935581,0.022598378201156955
IQL_Walker2d,primary_3feature,4,9,70,0.22563265306122451,0.22642857142857142,0.05972067191225221,0.034708904384925354
IQL_Walker2d,primary_3feature,4,10,70,0.10984183673469389,0.11785714285714283,0.1090077384661834,0.08142912316980766
IQL_Walker2d,action_only_sensitivity,0,1,70,0.8571428571428571,0.8571428571428572,7.359192620372467e-16,0.0
IQL_Walker2d,action_only_sensitivity,0,2,70,0.8127142857142857,0.8203571428571429,0.0006845713525164245,2.0139536880847686e-05
IQL_Walker2d,action_only_sensitivity,0,3,70,0.6801173469387755,0.6896428571428572,0.0021696710506782426,0.0007632932062353603
IQL_Walker2d,action_only_sensitivity,0,4,70,0.5583214285714286,0.5582142857142858,0.00431979113395344,0.0016818628307877503
IQL_Walker2d,action_only_sensitivity,0,5,70,0.4516989795918367,0.4541071428571429,0.006000132015486136,0.002407854681625743
IQL_Walker2d,action_only_sensitivity,0,6,70,0.3520255102040817,0.35267857142857145,0.0085350317528447,0.0013018565885474231
IQL_Walker2d,action_only_sensitivity,0,7,70,0.24713265306122442,0.2444642857142857,0.01861686579065829,0.01137951127129
IQL_Walker2d,action_only_sensitivity,0,8,70,0.15723469387755099,0.15517857142857144,0.027387417635608383,0.007541507987193441
IQL_Walker2d,action_only_sensitivity,0,9,70,0.0765051020408163,0.0739285714285714,0.03300204396457945,0.01810410938793794
IQL_Walker2d,action_only_sensitivity,0,10,70,0.014637755102040817,0.012142857142857122,0.12825703063921454,0.056611085659618254
IQL_Walker2d,action_only_sensitivity,1,1,70,0.8571428571428571,0.8571428571428572,1.0256037586626426e-06,0.0
IQL_Walker2d,action_only_sensitivity,1,2,70,0.8438724489795918,0.855,0.0009970905282153497,0.0002424660515831789
IQL_Walker2d,action_only_sensitivity,1,3,70,0.7695663265306122,0.7742857142857142,0.004213686924034034,0.0027155563276495265
IQL_Walker2d,action_only_sensitivity,1,4,70,0.6699489795918367,0.6669642857142857,0.007113276259264615,0.005722158101447938
IQL_Walker2d,action_only_sensitivity,1,5,70,0.5769540816326529,0.5753571428571429,0.012296970506539438,0.01221853359762859
IQL_Walker2d,action_only_sensitivity,1,6,70,0.480438775510204,0.4807142857142857,0.018916092030002607,0.0205258188362194
IQL_Walker2d,action_only_sensitivity,1,7,70,0.3798826530612245,0.38089285714285714,0.027829916022283817,0.025115414146820392
IQL_Walker2d,action_only_sensitivity,1,8,70,0.27993367346938774,0.27589285714285716,0.047712547321412946,0.0464746029704588
IQL_Walker2d,action_only_sensitivity,1,9,70,0.17391836734693875,0.1757142857142857,0.07753198930083409,0.07820603535509774
IQL_Walker2d,action_only_sensitivity,1,10,70,0.06427551020408163,0.06821428571428567,0.13404301734890098,0.12399844322215836
IQL_Walker2d,action_only_sensitivity,2,1,70,0.8571428571428571,0.8571428571428572,1.1926967350258824e-15,0.0
IQL_Walker2d,action_only_sensitivity,2,2,70,0.8346428571428571,0.8491071428571428,0.001838848619439583,0.000286338922069973
IQL_Walker2d,action_only_sensitivity,2,3,70,0.7307142857142855,0.72875,0.00813718928710586,0.0037406769960659503
IQL_Walker2d,action_only_sensitivity,2,4,70,0.6254846938775511,0.6214285714285714,0.013178370547797606,0.008155284941128382
IQL_Walker2d,action_only_sensitivity,2,5,70,0.5206836734693877,0.5189285714285714,0.02070830026000538,0.008919255741922205
IQL_Walker2d,action_only_sensitivity,2,6,70,0.42033673469387756,0.41732142857142857,0.03208598718440069,0.015542974318595526
IQL_Walker2d,action_only_sensitivity,2,7,70,0.31077551020408173,0.3121428571428571,0.06176207694435665,0.02877944320085435
IQL_Walker2d,action_only_sensitivity,2,8,70,0.20433673469387753,0.20499999999999996,0.08028664709261456,0.03690603733622311
IQL_Walker2d,action_only_sensitivity,2,9,70,0.1138265306122449,0.11446428571428574,0.14216688645880446,0.07379262610110549
IQL_Walker2d,action_only_sensitivity,2,10,70,0.038943877551020405,0.03910714285714284,0.272971616037034,0.16991531149372285
IQL_Walker2d,action_only_sensitivity,3,1,70,0.8571428571428571,0.8571428571428572,6.56617617421164e-16,0.0
IQL_Walker2d,action_only_sensitivity,3,2,70,0.8380102040816327,0.8458928571428571,0.0007834807553550165,0.0003306023700204719
IQL_Walker2d,action_only_sensitivity,3,3,70,0.7502755102040818,0.7521428571428571,0.0022634892784531868,0.0019292232968890488
IQL_Walker2d,action_only_sensitivity,3,4,70,0.6542704081632652,0.6519642857142857,0.004484507282566263,0.00376991845597896
IQL_Walker2d,action_only_sensitivity,3,5,70,0.5597397959183675,0.5578571428571428,0.007577832299918533,0.007039061559162008
IQL_Walker2d,action_only_sensitivity,3,6,70,0.4570255102040816,0.45321428571428574,0.014049800640863004,0.013535434513297973
IQL_Walker2d,action_only_sensitivity,3,7,70,0.3539132653061225,0.3514285714285714,0.03478012667248877,0.018389698070447436
IQL_Walker2d,action_only_sensitivity,3,8,70,0.25440306122448975,0.25625000000000003,0.047514092076446704,0.028562227970384324
IQL_Walker2d,action_only_sensitivity,3,9,70,0.1594183673469387,0.15392857142857141,0.04794001892703096,0.043061099677809356
IQL_Walker2d,action_only_sensitivity,3,10,70,0.06796428571428571,0.06357142857142856,0.13049551782911578,0.07849568579089139
IQL_Walker2d,action_only_sensitivity,4,1,70,0.8571428571428571,0.8571428571428572,4.821539992657822e-16,0.0
IQL_Walker2d,action_only_sensitivity,4,2,70,0.8517397959183675,0.8541071428571428,0.0015934524078148801,0.0003365147093399301
IQL_Walker2d,action_only_sensitivity,4,3,70,0.8022500000000002,0.8035714285714286,0.004627811158611701,0.00330522654313814
IQL_Walker2d,action_only_sensitivity,4,4,70,0.7168673469387754,0.7153571428571428,0.007307508900779685,0.0055244327807514315
IQL_Walker2d,action_only_sensitivity,4,5,70,0.629454081632653,0.6358928571428571,0.011615725268800458,0.009048065934358585
IQL_Walker2d,action_only_sensitivity,4,6,70,0.5359999999999999,0.5296428571428571,0.017851757091557095,0.015074002486858973
IQL_Walker2d,action_only_sensitivity,4,7,70,0.4436479591836735,0.44875,0.03118488709563602,0.02605865659650275
IQL_Walker2d,action_only_sensitivity,4,8,70,0.35335204081632654,0.3492857142857143,0.04369787160184517,0.037854981488886885
IQL_Walker2d,action_only_sensitivity,4,9,70,0.2620102040816326,0.2623214285714286,0.0629575994159189,0.048829673291020725
IQL_Walker2d,action_only_sensitivity,4,10,70,0.12481632653061224,0.12607142857142856,0.11535621785721865,0.09770589018583065
CQL_Hopper,primary_3feature,0,1,70,1.0,1.0,0.0003598430171572639,0.000182082670241418
CQL_Hopper,primary_3feature,0,2,70,1.0,1.0,0.0008336535007298743,0.00036518912269142834
CQL_Hopper,primary_3feature,0,3,70,0.9914846938775508,0.9942857142857143,0.00170948408203538,0.0007388271232208199
CQL_Hopper,primary_3feature,0,4,70,0.9441938775510206,0.9307142857142856,0.0026611583282063144,0.001482459509468459
CQL_Hopper,primary_3feature,0,5,70,0.8929795918367347,0.90125,0.0028206164483341113,0.0015806303542009736
CQL_Hopper,primary_3feature,0,6,70,0.8115,0.8108928571428571,0.0016640255125886818,0.0005531489516401589
CQL_Hopper,primary_3feature,0,7,70,0.7174387755102041,0.7162499999999999,0.001538977626961551,0.0003638087224104858
CQL_Hopper,primary_3feature,0,8,70,0.6334081632653061,0.6387499999999999,0.002611223666627262,0.0010055573279625918
CQL_Hopper,primary_3feature,0,9,70,0.5064234693877551,0.5103571428571428,0.005639205082036525,0.0039517580624148785
CQL_Hopper,primary_3feature,0,10,70,0.3100306122448979,0.3114285714285714,0.012297132193047232,0.007551789760368521
CQL_Hopper,primary_3feature,1,1,70,0.9288826530612244,0.9276785714285714,0.0018794865002760472,0.00047350773260323997
CQL_Hopper,primary_3feature,1,2,70,0.8847397959183674,0.8848214285714286,0.0019269496700110348,0.00041673734986781563
CQL_Hopper,primary_3feature,1,3,70,0.8311224489795916,0.8351785714285714,0.0017529060126406984,0.0006384671961624511
CQL_Hopper,primary_3feature,1,4,70,0.7423622448979592,0.7467857142857143,0.003344761139352439,0.0019898926591233046
CQL_Hopper,primary_3feature,1,5,70,0.6415408163265306,0.6398214285714285,0.009561924751349793,0.007667095815014235
CQL_Hopper,primary_3feature,1,6,70,0.5347857142857142,0.5396428571428571,0.02604324117217366,0.009776025588445592
CQL_Hopper,primary_3feature,1,7,70,0.40947448979591855,0.4010714285714286,0.09148438160251997,0.027950707181073176
CQL_Hopper,primary_3feature,1,8,70,0.29381632653061224,0.28785714285714287,0.1349482740475317,0.04223354253204903
CQL_Hopper,primary_3feature,1,9,70,0.18546938775510205,0.1826785714285714,0.1862558976216734,0.08302925057493749
CQL_Hopper,primary_3feature,1,10,70,0.07671428571428573,0.08107142857142857,0.5298565635933774,0.27206297964801607
CQL_Hopper,primary_3feature,2,1,70,0.8832295918367348,0.8928571428571429,0.00011162780891202293,0.0
CQL_Hopper,primary_3feature,2,2,70,0.7186785714285714,0.7103571428571429,0.0005189405054718575,0.00020683411491706494
CQL_Hopper,primary_3feature,2,3,70,0.6037142857142859,0.6010714285714286,0.0013607414004880843,0.0009492126050958394
CQL_Hopper,primary_3feature,2,4,70,0.48492857142857143,0.4808928571428571,0.00228145405547932,0.0015891234491902662
CQL_Hopper,primary_3feature,2,5,70,0.37180102040816326,0.37089285714285714,0.0042584564136360055,0.003764753359196904
CQL_Hopper,primary_3feature,2,6,70,0.2521428571428571,0.2496428571428571,0.0057513233986214015,0.004001400276332001
CQL_Hopper,primary_3feature,2,7,70,0.17794897959183673,0.17892857142857144,0.007480346187483986,0.006711548517021493
CQL_Hopper,primary_3feature,2,8,70,0.11207653061224492,0.1076785714285714,0.01418337044060757,0.013033330070450821
CQL_Hopper,primary_3feature,2,9,70,0.05771938775510205,0.054107142857142854,0.025226531587315252,0.02500776750684952
CQL_Hopper,primary_3feature,2,10,70,0.012479591836734695,0.007499999999999951,0.12293383464174203,0.05642574343339868
CQL_Hopper,primary_3feature,3,1,70,0.8976938775510206,0.8957142857142857,0.0011634281575721962,6.661338147750939e-16
CQL_Hopper,primary_3feature,3,2,70,0.8450459183673468,0.8532142857142857,0.053696030535764994,0.0023018662144491664
CQL_Hopper,primary_3feature,3,3,70,0.7477397959183675,0.7598214285714286,0.15345367750247305,0.004297011085441449
CQL_Hopper,primary_3feature,3,4,70,0.580423469387755,0.58125,0.05404050816925891,0.0010851849506061662
CQL_Hopper,primary_3feature,3,5,70,0.4294642857142857,0.42928571428571427,0.007426755984145885,0.0040041843443443526
CQL_Hopper,primary_3feature,3,6,70,0.3016428571428571,0.3025,0.13909328620083214,0.012644544928098966
CQL_Hopper,primary_3feature,3,7,70,0.1927755102040816,0.18660714285714286,0.15560314348550652,0.03101540621419585
CQL_Hopper,primary_3feature,3,8,70,0.1175357142857143,0.12285714285714289,0.3913846621089372,0.061505580598305354
CQL_Hopper,primary_3feature,3,9,70,0.056831632653061216,0.055178571428571466,0.5292908066829083,0.09102906711031711
CQL_Hopper,primary_3feature,3,10,70,0.021045918367346945,0.020714285714285685,0.8489814009355741,0.21089316885423415
CQL_Hopper,primary_3feature,4,1,70,0.7567346938775509,0.7532142857142857,0.0008960332789325414,6.661338147750939e-16
CQL_Hopper,primary_3feature,4,2,70,0.7034387755102042,0.7035714285714286,0.001983692972777692,0.0006900047649810448
CQL_Hopper,primary_3feature,4,3,70,0.6361836734693876,0.6360714285714286,0.0034740802428762747,0.0017435140978050434
CQL_Hopper,primary_3feature,4,4,70,0.5790000000000001,0.5810714285714286,0.004404583365517676,0.002319622384355957
CQL_Hopper,primary_3feature,4,5,70,0.523484693877551,0.5239285714285715,0.008270078018097335,0.006528894948893527
CQL_Hopper,primary_3feature,4,6,70,0.4568826530612245,0.45803571428571427,0.012554306660138003,0.01095130851546866
CQL_Hopper,primary_3feature,4,7,70,0.3851938775510204,0.38749999999999996,0.022721615907198286,0.02217071823692418
CQL_Hopper,primary_3feature,4,8,70,0.3029489795918367,0.29875,0.03292824235327519,0.029711981604842563
CQL_Hopper,primary_3feature,4,9,70,0.22964285714285712,0.2326785714285714,0.0546492352907593,0.055265891356843344
CQL_Hopper,primary_3feature,4,10,70,0.11971938775510205,0.12839285714285714,0.10038583162491671,0.07835973863342405
CQL_Hopper,action_only_sensitivity,0,1,70,0.8571428571428571,0.8571428571428572,1.0454746122959666e-05,0.0
CQL_Hopper,action_only_sensitivity,0,2,70,0.8557551020408164,0.8571428571428572,0.00014369884864724776,1.7763568394002505e-15
CQL_Hopper,action_only_sensitivity,0,3,70,0.8374795918367347,0.8369642857142857,0.0004688689355649724,0.00039137981787185083
CQL_Hopper,action_only_sensitivity,0,4,70,0.8019234693877552,0.80625,0.0007823827689656766,0.0005446936710692407
CQL_Hopper,action_only_sensitivity,0,5,70,0.7450663265306124,0.7525,0.001335002522060177,0.0010452197990306056
CQL_Hopper,action_only_sensitivity,0,6,70,0.6686122448979592,0.666607142857143,0.0022774271870762658,0.0016792859962433404
CQL_Hopper,action_only_sensitivity,0,7,70,0.5866020408163264,0.5914285714285714,0.003833896594845545,0.0028576535137289083
CQL_Hopper,action_only_sensitivity,0,8,70,0.4850918367346939,0.4903571428571429,0.0045721906535270895,0.0030178503946372004
CQL_Hopper,action_only_sensitivity,0,9,70,0.3848928571428572,0.38321428571428573,0.007198393517526144,0.005476202815296594
CQL_Hopper,action_only_sensitivity,0,10,70,0.2647346938775511,0.2689285714285714,0.011513003683388118,0.007045280315391533
CQL_Hopper,action_only_sensitivity,1,1,70,0.8571428571428571,0.8571428571428572,6.938893903907228e-17,0.0
CQL_Hopper,action_only_sensitivity,1,2,70,0.8393163265306122,0.8491071428571428,0.0004118487445485002,2.9950034212244958e-05
CQL_Hopper,action_only_sensitivity,1,3,70,0.7521326530612245,0.749642857142857,0.002672640258628634,0.001751984523361172
CQL_Hopper,action_only_sensitivity,1,4,70,0.6621326530612244,0.6623214285714285,0.005064095134482593,0.003289163894266922
CQL_Hopper,action_only_sensitivity,1,5,70,0.5668163265306123,0.5685714285714285,0.010350374088693238,0.006875571234061795
CQL_Hopper,action_only_sensitivity,1,6,70,0.46538775510204083,0.4623214285714286,0.028481724927853277,0.012679586587795777
CQL_Hopper,action_only_sensitivity,1,7,70,0.3620663265306122,0.3617857142857143,0.10609225533078624,0.028149929216501945
CQL_Hopper,action_only_sensitivity,1,8,70,0.2575408163265306,0.26089285714285715,0.10836033756045059,0.0390828815850508
CQL_Hopper,action_only_sensitivity,1,9,70,0.16908163265306117,0.17160714285714285,0.19881864169098382,0.08302925057493749
CQL_Hopper,action_only_sensitivity,1,10,70,0.07062244897959184,0.0753571428571429,0.5268024683744792,0.27206297964801607
CQL_Hopper,action_only_sensitivity,2,1,70,0.8571428571428571,0.8571428571428572,1.2688263138573217e-16,0.0
CQL_Hopper,action_only_sensitivity,2,2,70,0.7927908163265306,0.8017857142857143,0.0001715770889220639,5.247260972995882e-05
CQL_Hopper,action_only_sensitivity,2,3,70,0.6213112244897959,0.6117857142857143,0.0008109974678903501,0.0006633212277218359
CQL_Hopper,action_only_sensitivity,2,4,70,0.49675,0.4982142857142857,0.0016778201734914476,0.0014832829191560037
CQL_Hopper,action_only_sensitivity,2,5,70,0.39778061224489797,0.39714285714285713,0.0030229165640540106,0.002791454091468193
CQL_Hopper,action_only_sensitivity,2,6,70,0.30229081632653065,0.3007142857142857,0.005306530375329301,0.005422674424905516
CQL_Hopper,action_only_sensitivity,2,7,70,0.20203061224489793,0.19678571428571423,0.009344467072860534,0.008928285930876134
CQL_Hopper,action_only_sensitivity,2,8,70,0.12191836734693874,0.11857142857142855,0.015140991173218743,0.014419206691003161
CQL_Hopper,action_only_sensitivity,2,9,70,0.06104081632653063,0.05892857142857144,0.02548222114177208,0.02433897959678122
CQL_Hopper,action_only_sensitivity,2,10,70,0.014321428571428573,0.010000000000000009,0.12314910538221885,0.05703527096895969
CQL_Hopper,action_only_sensitivity,3,1,70,0.8571428571428571,0.8571428571428572,2.157004733557447e-16,0.0
CQL_Hopper,action_only_sensitivity,3,2,70,0.7918163265306121,0.8114285714285714,0.0008613004776206745,0.00026331318657746294
CQL_Hopper,action_only_sensitivity,3,3,70,0.6021785714285713,0.6016071428571429,0.003568274645171792,0.0030934789202339275
CQL_Hopper,action_only_sensitivity,3,4,70,0.4777295918367346,0.47250000000000003,0.05798349559439259,0.0068323163481762705
CQL_Hopper,action_only_sensitivity,3,5,70,0.37670408163265307,0.37749999999999995,0.06194710471191525,0.009543376713545992
CQL_Hopper,action_only_sensitivity,3,6,70,0.27111224489795926,0.2669642857142857,0.1666531475211612,0.015856770750230176
CQL_Hopper,action_only_sensitivity,3,7,70,0.17285714285714282,0.17410714285714285,0.23358273680671404,0.03750374957412239
CQL_Hopper,action_only_sensitivity,3,8,70,0.10352551020408164,0.10553571428571429,0.3445839578626639,0.04870493644500584
CQL_Hopper,action_only_sensitivity,3,9,70,0.054801020408163266,0.05696428571428569,0.5680454278515623,0.09701853331144328
CQL_Hopper,action_only_sensitivity,3,10,70,0.02242857142857143,0.023214285714285743,0.8969082542917712,0.32336039864986343
CQL_Hopper,action_only_sensitivity,4,1,70,0.8571428571428571,0.8571428571428572,2.981741837564706e-16,0.0
CQL_Hopper,action_only_sensitivity,4,2,70,0.8376020408163265,0.8396428571428571,0.000814728919553425,0.00015998387448024065
CQL_Hopper,action_only_sensitivity,4,3,70,0.7629642857142857,0.7646428571428572,0.0029007522778739868,0.0027878087795376594
CQL_Hopper,action_only_sensitivity,4,4,70,0.6868214285714288,0.6851785714285714,0.005110132333503037,0.005127680637802001
CQL_Hopper,action_only_sensitivity,4,5,70,0.6084693877551022,0.6051785714285713,0.00903915125832322,0.009160103870413216
CQL_Hopper,action_only_sensitivity,4,6,70,0.5226479591836736,0.5264285714285715,0.01359089940992117,0.01454367326059236
CQL_Hopper,action_only_sensitivity,4,7,70,0.4268469387755102,0.4217857142857143,0.022767996193932605,0.02294383530190003
CQL_Hopper,action_only_sensitivity,4,8,70,0.3326785714285715,0.32999999999999996,0.034767935337890854,0.0290911527052633
CQL_Hopper,action_only_sensitivity,4,9,70,0.2438622448979592,0.24910714285714286,0.0538469060782677,0.05416762159573896
CQL_Hopper,action_only_sensitivity,4,10,70,0.12354591836734694,0.13107142857142862,0.09942919790522271,0.07730937408708605
CQL_HalfCheetah,primary_3feature,0,1,70,0.8121428571428573,0.8121428571428572,0.0,0.0
CQL_HalfCheetah,primary_3feature,0,2,70,0.7647142857142857,0.7548214285714285,0.00020662160878121482,7.83722380974794e-05
CQL_HalfCheetah,primary_3feature,0,3,70,0.6432040816326529,0.6425000000000001,0.0005593575467483561,0.0004911090218959746
CQL_HalfCheetah,primary_3feature,0,4,70,0.542484693877551,0.5430357142857143,0.0010319740470561723,0.0010137015875146815
CQL_HalfCheetah,primary_3feature,0,5,70,0.44342857142857134,0.4476785714285714,0.0019218261523266747,0.001958064782522806
CQL_HalfCheetah,primary_3feature,0,6,70,0.3443826530612245,0.34625,0.002948824556148637,0.0030703027433856
CQL_HalfCheetah,primary_3feature,0,7,70,0.24471938775510205,0.2426785714285714,0.004551148939042696,0.004764488554990232
CQL_HalfCheetah,primary_3feature,0,8,70,0.14372448979591837,0.13607142857142857,0.007598063568728256,0.007880012910823186
CQL_HalfCheetah,primary_3feature,0,9,70,0.056224489795918375,0.053214285714285714,0.010983841625618787,0.00968067717556198
CQL_HalfCheetah,primary_3feature,0,10,70,0.007280612244897968,0.004642857142857171,0.03353562433512505,0.024353317924759255
CQL_HalfCheetah,primary_3feature,1,1,70,0.695714285714286,0.6957142857142857,3.9333615729576973e-16,0.0
CQL_HalfCheetah,primary_3feature,1,2,70,0.672423469387755,0.6675,0.00010430628933601074,3.8952257797930656e-05
CQL_HalfCheetah,primary_3feature,1,3,70,0.6177244897959183,0.62,0.00030506958894246846,0.00024895236974842305
CQL_HalfCheetah,primary_3feature,1,4,70,0.5662704081632652,0.5675,0.000590767458351303,0.0005358191919695443
CQL_HalfCheetah,primary_3feature,1,5,70,0.5085765306122448,0.5092857142857143,0.0009572398520471965,0.0009466097050938593
CQL_HalfCheetah,primary_3feature,1,6,70,0.4383979591836734,0.44107142857142856,0.0015325163850167531,0.0014607245227620247
CQL_HalfCheetah,primary_3feature,1,7,70,0.36041326530612244,0.3560714285714286,0.002517801599487931,0.002137017914921824
CQL_HalfCheetah,primary_3feature,1,8,70,0.2836224489795918,0.2844642857142857,0.004093246721069959,0.0037512715826215626
CQL_HalfCheetah,primary_3feature,1,9,70,0.203234693877551,0.20553571428571432,0.005936052629603417,0.004852587198752367
CQL_HalfCheetah,primary_3feature,1,10,70,0.10377551020408163,0.10785714285714287,0.011983661919069862,0.010699433318281049
CQL_HalfCheetah,primary_3feature,2,1,70,1.0,1.0,0.001221025804999457,0.0006396865860209822
CQL_HalfCheetah,primary_3feature,2,2,70,1.0,1.0,0.0010361593922585653,0.0004734355133626522
CQL_HalfCheetah,primary_3feature,2,3,70,1.0,1.0,0.0010946481624399468,0.0004127481579119241
CQL_HalfCheetah,primary_3feature,2,4,70,1.0,1.0,0.0010601506619662081,0.0003956130877962316
CQL_HalfCheetah,primary_3feature,2,5,70,1.0,1.0,0.0013795384814367293,0.0005338158420653549
CQL_HalfCheetah,primary_3feature,2,6,70,1.0,1.0,0.001011049141768908,0.0003735336489998353
CQL_HalfCheetah,primary_3feature,2,7,70,1.0,1.0,0.0010423866216423454,0.0004709089961010271
CQL_HalfCheetah,primary_3feature,2,8,70,1.0,1.0,0.0009846249010219386,0.000439111136007142
CQL_HalfCheetah,primary_3feature,2,9,70,0.7798418367346939,0.8374999999999999,0.0034679529311955346,0.0026904421843130244
CQL_HalfCheetah,primary_3feature,2,10,70,0.22341836734693882,0.2158928571428571,0.01120451346843979,0.007246588183009273
CQL_HalfCheetah,primary_3feature,3,1,70,0.9235714285714286,0.9235714285714286,0.0,0.0
CQL_HalfCheetah,primary_3feature,3,2,70,0.9178520408163263,0.9175,7.891420047238133e-05,3.417001081618132e-05
CQL_HalfCheetah,primary_3feature,3,3,70,0.9032346938775512,0.9039285714285714,0.00018079903670917196,0.0001540371602932744
CQL_HalfCheetah,primary_3feature,3,4,70,0.8272806122448978,0.8157142857142856,0.0003551195561370069,0.00028491966028210136
CQL_HalfCheetah,primary_3feature,3,5,70,0.6737908163265305,0.6689285714285714,0.0006196606584118072,0.0005495319702464307
CQL_HalfCheetah,primary_3feature,3,6,70,0.5245153061224491,0.5228571428571428,0.0009962510107135193,0.0008444506280971265
CQL_HalfCheetah,primary_3feature,3,7,70,0.4093163265306124,0.4085714285714286,0.0018100389906360855,0.0013419146855531139
CQL_HalfCheetah,primary_3feature,3,8,70,0.2980714285714286,0.30321428571428577,0.003033557855945419,0.0027124966802118955
CQL_HalfCheetah,primary_3feature,3,9,70,0.1863520408163265,0.18571428571428572,0.004866736672579299,0.004758039132217506
CQL_HalfCheetah,primary_3feature,3,10,70,0.08071938775510203,0.08767857142857144,0.012948942547898698,0.010138821777616158
CQL_HalfCheetah,primary_3feature,4,1,70,0.7717857142857143,0.7717857142857143,0.0,0.0
CQL_HalfCheetah,primary_3feature,4,2,70,0.7601836734693878,0.7596428571428572,0.00010506192143209248,4.060182837672954e-05
CQL_HalfCheetah,primary_3feature,4,3,70,0.6875204081632654,0.6833928571428571,0.000364613857344739,0.00030331863711552387
CQL_HalfCheetah,primary_3feature,4,4,70,0.6018469387755102,0.6032142857142857,0.0007178148151433662,0.0006554697341809579
CQL_HalfCheetah,primary_3feature,4,5,70,0.5136479591836735,0.5166071428571428,0.0010532311890554702,0.0008943920004691464
CQL_HalfCheetah,primary_3feature,4,6,70,0.4255306122448979,0.4203571428571429,0.0018889328249769171,0.001794479458223197
CQL_HalfCheetah,primary_3feature,4,7,70,0.3331734693877551,0.3319642857142857,0.0033134181342108246,0.003303540501807145
CQL_HalfCheetah,primary_3feature,4,8,70,0.23922448979591837,0.23982142857142857,0.005066165114369956,0.004705594403377145
CQL_HalfCheetah,primary_3feature,4,9,70,0.13730102040816322,0.1319642857142857,0.006200262618325793,0.006233546306801507
CQL_HalfCheetah,primary_3feature,4,10,70,0.047173469387755115,0.04142857142857148,0.01313706836860503,0.011742284374409717
CQL_HalfCheetah,action_only_sensitivity,0,1,70,0.8571428571428571,0.8571428571428572,0.0,0.0
CQL_HalfCheetah,action_only_sensitivity,0,2,70,0.8181020408163266,0.8314285714285714,0.00018211503473163836,7.460462964514747e-05
CQL_HalfCheetah,action_only_sensitivity,0,3,70,0.6851836734693877,0.6791071428571429,0.0005847899608201613,0.0005016993959037208
CQL_HalfCheetah,action_only_sensitivity,0,4,70,0.5796938775510206,0.5825,0.0010590890306879873,0.001050855473295531
CQL_HalfCheetah,action_only_sensitivity,0,5,70,0.4726734693877551,0.4782142857142857,0.0019434968483426677,0.0018930490617115048
CQL_HalfCheetah,action_only_sensitivity,0,6,70,0.3641428571428571,0.36696428571428574,0.0029980294911263463,0.0030395597493275694
CQL_HalfCheetah,action_only_sensitivity,0,7,70,0.25681122448979593,0.25357142857142856,0.00445223248439495,0.004764488554990232
CQL_HalfCheetah,action_only_sensitivity,0,8,70,0.15368367346938772,0.14696428571428571,0.007598063568728256,0.007880012910823186
CQL_HalfCheetah,action_only_sensitivity,0,9,70,0.06048979591836735,0.05678571428571427,0.010983841625618787,0.00968067717556198
CQL_HalfCheetah,action_only_sensitivity,0,10,70,0.008015306122448981,0.004642857142857171,0.03353562433512505,0.024353317924759255
CQL_HalfCheetah,action_only_sensitivity,1,1,70,0.8571428571428571,0.8571428571428572,3.198428368632124e-07,0.0
CQL_HalfCheetah,action_only_sensitivity,1,2,70,0.8469795918367348,0.8528571428571429,0.00010202313419317274,3.177687529376527e-05
CQL_HalfCheetah,action_only_sensitivity,1,3,70,0.7851377551020408,0.7869642857142857,0.0003136847211701266,0.00024895236974842305
CQL_HalfCheetah,action_only_sensitivity,1,4,70,0.6971479591836736,0.6978571428571428,0.0005918793002840721,0.0005358191919695443
CQL_HalfCheetah,action_only_sensitivity,1,5,70,0.6045357142857142,0.6073214285714286,0.0009572917202699292,0.000977167972360693
CQL_HalfCheetah,action_only_sensitivity,1,6,70,0.5091836734693876,0.5080357142857144,0.0015657741694797675,0.001552419735468824
CQL_HalfCheetah,action_only_sensitivity,1,7,70,0.40778061224489803,0.40214285714285714,0.0026126041598050877,0.0020685101804032158
CQL_HalfCheetah,action_only_sensitivity,1,8,70,0.31929591836734694,0.32107142857142856,0.003988594672672693,0.003457746685946006
CQL_HalfCheetah,action_only_sensitivity,1,9,70,0.22699999999999995,0.22875,0.00590482880314372,0.004852587198752367
CQL_HalfCheetah,action_only_sensitivity,1,10,70,0.11506122448979596,0.11946428571428569,0.011983661919069862,0.010699433318281049
CQL_HalfCheetah,action_only_sensitivity,2,1,70,0.8571428571428571,0.8571428571428572,4.0602442043434295e-16,0.0
CQL_HalfCheetah,action_only_sensitivity,2,2,70,0.8414591836734696,0.8530357142857143,7.571882238781263e-05,1.539232250946654e-05
CQL_HalfCheetah,action_only_sensitivity,2,3,70,0.7463163265306123,0.7471428571428571,0.00025539347690945694,0.0001988594091741902
CQL_HalfCheetah,action_only_sensitivity,2,4,70,0.6411377551020409,0.6403571428571428,0.00044473247828916233,0.0003397772180209202
CQL_HalfCheetah,action_only_sensitivity,2,5,70,0.5436785714285715,0.5475,0.0008483033421399888,0.0006865476551012328
CQL_HalfCheetah,action_only_sensitivity,2,6,70,0.4405561224489795,0.4432142857142857,0.0012767816797745952,0.0010312144172131
CQL_HalfCheetah,action_only_sensitivity,2,7,70,0.3418877551020408,0.3375,0.0022472730565149565,0.002042646503280121
CQL_HalfCheetah,action_only_sensitivity,2,8,70,0.24095408163265303,0.24250000000000005,0.0033896226235254645,0.003148063866398765
CQL_HalfCheetah,action_only_sensitivity,2,9,70,0.1465918367346939,0.1478571428571429,0.0037597106191877903,0.002953343682773113
CQL_HalfCheetah,action_only_sensitivity,2,10,70,0.057188775510204085,0.05428571428571427,0.01120451346843979,0.007246588183009273
CQL_HalfCheetah,action_only_sensitivity,3,1,70,0.8571428571428571,0.8571428571428572,0.0,0.0
CQL_HalfCheetah,action_only_sensitivity,3,2,70,0.8423877551020409,0.8485714285714285,7.850328061759702e-05,3.417001081618132e-05
CQL_HalfCheetah,action_only_sensitivity,3,3,70,0.7640816326530613,0.7667857142857143,0.0001802475357075371,0.0001540371602932744
CQL_HalfCheetah,action_only_sensitivity,3,4,70,0.6666122448979592,0.6641071428571428,0.000356254328786714,0.00028491966028210136
CQL_HalfCheetah,action_only_sensitivity,3,5,70,0.568591836734694,0.56375,0.0006181014145446045,0.0005495319702464307
CQL_HalfCheetah,action_only_sensitivity,3,6,70,0.46939285714285717,0.4682142857142857,0.0009976379027874342,0.0008444506280971265
CQL_HalfCheetah,action_only_sensitivity,3,7,70,0.37717857142857136,0.3760714285714286,0.0017736397106658864,0.0013419146855531139
CQL_HalfCheetah,action_only_sensitivity,3,8,70,0.27552551020408156,0.2817857142857143,0.0030699571359156176,0.002767913532516708
CQL_HalfCheetah,action_only_sensitivity,3,9,70,0.17574489795918363,0.1757142857142857,0.004930629624328921,0.00483081210899261
CQL_HalfCheetah,action_only_sensitivity,3,10,70,0.07639795918367348,0.08142857142857146,0.012885049596149077,0.010138821777616158
CQL_HalfCheetah,action_only_sensitivity,4,1,70,0.8571428571428571,0.8571428571428572,2.5376526277146434e-17,0.0
CQL_HalfCheetah,action_only_sensitivity,4,2,70,0.8428061224489797,0.8503571428571428,0.00010361987130636915,3.216822589102719e-05
CQL_HalfCheetah,action_only_sensitivity,4,3,70,0.7543010204081634,0.7558928571428571,0.00037063167452176923,0.00029792918390070255
CQL_HalfCheetah,action_only_sensitivity,4,4,70,0.6580969387755101,0.6569642857142857,0.0007493527531627464,0.0006481156038860014
CQL_HalfCheetah,action_only_sensitivity,4,5,70,0.5569438775510204,0.5628571428571428,0.00110650919799162,0.0009261494423205008
CQL_HalfCheetah,action_only_sensitivity,4,6,70,0.4584744897959184,0.45375000000000004,0.0017995411109700552,0.001794479458223197
CQL_HalfCheetah,action_only_sensitivity,4,7,70,0.35585714285714287,0.3578571428571429,0.003447488338579482,0.0033868013586060286
CQL_HalfCheetah,action_only_sensitivity,4,8,70,0.25379591836734683,0.25071428571428567,0.005005304167352216,0.004705594403377145
CQL_HalfCheetah,action_only_sensitivity,4,9,70,0.1470612244897959,0.13910714285714282,0.006127053360974877,0.006233546306801507
CQL_HalfCheetah,action_only_sensitivity,4,10,70,0.050142857142857156,0.043571428571428594,0.01313706836860503,0.011742284374409717
CQL_Walker2d,primary_3feature,0,1,70,0.9471683673469385,0.9496428571428571,0.01144044224358931,2.6645352591003757e-15
CQL_Walker2d,primary_3feature,0,2,70,0.8290051020408162,0.825,0.034672452986841275,0.001132040066104123
CQL_Walker2d,primary_3feature,0,3,70,0.7315765306122448,0.7317857142857143,0.016628099220914353,0.004488039140071898
CQL_Walker2d,primary_3feature,0,4,70,0.651688775510204,0.6510714285714285,0.052630832082090497,0.008981054534909827
CQL_Walker2d,primary_3feature,0,5,70,0.5655255102040817,0.5639285714285714,0.05329123827608237,0.017056821944994027
CQL_Walker2d,primary_3feature,0,6,70,0.44967857142857137,0.45339285714285715,0.08784903193416387,0.028008916113602234
CQL_Walker2d,primary_3feature,0,7,70,0.3417295918367347,0.3383928571428571,0.1623345206545266,0.054189971295932615
CQL_Walker2d,primary_3feature,0,8,70,0.24664795918367355,0.24785714285714283,0.22203682605921007,0.09813315696214442
CQL_Walker2d,primary_3feature,0,9,70,0.15587755102040818,0.15821428571428575,0.3439242777397792,0.31902294314732726
CQL_Walker2d,primary_3feature,0,10,70,0.06585204081632655,0.07017857142857142,0.706008388865653,0.5720703323484999
CQL_Walker2d,primary_3feature,1,1,70,0.921765306122449,0.9214285714285715,0.00910821646126761,0.0008477458868871857
CQL_Walker2d,primary_3feature,1,2,70,0.8038418367346939,0.7992857142857144,0.009749032872158229,0.0013775873469707989
CQL_Walker2d,primary_3feature,1,3,70,0.7351785714285715,0.74,0.011406301445203252,0.004293624997942391
CQL_Walker2d,primary_3feature,1,4,70,0.6258673469387754,0.6317857142857143,0.0188137158002547,0.012598340756040383
CQL_Walker2d,primary_3feature,1,5,70,0.5039744897959184,0.49660714285714286,0.017976652058089838,0.003352152459867419
CQL_Walker2d,primary_3feature,1,6,70,0.44567346938775504,0.4485714285714286,0.016265571476981773,0.003562402967340894
CQL_Walker2d,primary_3feature,1,7,70,0.3819948979591837,0.38142857142857145,0.032891818277780566,0.015194953777373232
CQL_Walker2d,primary_3feature,1,8,70,0.305765306122449,0.30964285714285716,0.04523765259003005,0.03396046111005213
CQL_Walker2d,primary_3feature,1,9,70,0.2093265306122449,0.20660714285714288,0.07216810666252078,0.04582058372591513
CQL_Walker2d,primary_3feature,1,10,70,0.09592346938775509,0.09732142857142856,0.14021504109920774,0.07908128650613833
CQL_Walker2d,primary_3feature,2,1,70,0.9646734693877553,0.9730357142857142,0.005232106835088961,0.0015900948407866489
CQL_Walker2d,primary_3feature,2,2,70,0.8364132653061226,0.8401785714285714,0.012128689815506109,0.0037784737479400476
CQL_Walker2d,primary_3feature,2,3,70,0.7339285714285715,0.7328571428571429,0.009374138667812032,0.0010260588263739656
CQL_Walker2d,primary_3feature,2,4,70,0.6658826530612244,0.6669642857142857,0.013169633201478348,0.003026170243728643
CQL_Walker2d,primary_3feature,2,5,70,0.5800612244897959,0.5867857142857142,0.014636958219429123,0.007568203313748967
CQL_Walker2d,primary_3feature,2,6,70,0.47161224489795917,0.4739285714285714,0.03639873815035722,0.017696578298910914
CQL_Walker2d,primary_3feature,2,7,70,0.37173979591836726,0.3705357142857143,0.04782064544882802,0.018535434558219155
CQL_Walker2d,primary_3feature,2,8,70,0.28289285714285717,0.2817857142857143,0.07241512401485199,0.030175979684511134
CQL_Walker2d,primary_3feature,2,9,70,0.19183163265306127,0.19785714285714284,0.15410402201080306,0.07492527602189658
CQL_Walker2d,primary_3feature,2,10,70,0.08761224489795919,0.09303571428571433,0.25596177246948343,0.14591406461536893
CQL_Walker2d,primary_3feature,3,1,70,0.8067397959183674,0.7760714285714285,0.0005658624055388322,0.0
CQL_Walker2d,primary_3feature,3,2,70,0.715484693877551,0.7171428571428572,0.0025214038817196914,8.641644703644147e-05
CQL_Walker2d,primary_3feature,3,3,70,0.6103112244897959,0.6112500000000001,0.009361566967595677,0.003474987252020334
CQL_Walker2d,primary_3feature,3,4,70,0.5070510204081633,0.5008928571428571,0.011247770985193572,0.006964074986704816
CQL_Walker2d,primary_3feature,3,5,70,0.41942857142857143,0.42053571428571423,0.021640465998508093,0.00969887772554845
CQL_Walker2d,primary_3feature,3,6,70,0.32225000000000004,0.3255357142857143,0.027386323381398864,0.01402594706730298
CQL_Walker2d,primary_3feature,3,7,70,0.22032653061224491,0.2182142857142857,0.04758326897102103,0.026253142135074903
CQL_Walker2d,primary_3feature,3,8,70,0.12363265306122445,0.12571428571428572,0.08779616494112957,0.03598990900121635
CQL_Walker2d,primary_3feature,3,9,70,0.04336734693877552,0.04142857142857148,0.12292506672464466,0.05179940047343923
CQL_Walker2d,primary_3feature,3,10,70,0.006336734693877541,0.004821428571428588,0.27322168526649465,0.12131515764469292
CQL_Walker2d,primary_3feature,4,1,70,0.9698214285714284,0.9717857142857143,0.002432445745483796,9.656927913592739e-05
CQL_Walker2d,primary_3feature,4,2,70,0.9056020408163266,0.9064285714285714,0.007018085613872335,0.00030673150501314694
CQL_Walker2d,primary_3feature,4,3,70,0.8046479591836735,0.8055357142857142,0.05701024312784982,0.002380975694113552
CQL_Walker2d,primary_3feature,4,4,70,0.6876275510204082,0.6898214285714286,0.016023431161416232,0.005648021237892209
CQL_Walker2d,primary_3feature,4,5,70,0.5720561224489795,0.5703571428571428,0.0875161970566885,0.01986639967855286
CQL_Walker2d,primary_3feature,4,6,70,0.4618061224489796,0.4633928571428571,0.03643095599300513,0.01561628289344874
CQL_Walker2d,primary_3feature,4,7,70,0.3450357142857142,0.3444642857142857,0.13856216056868992,0.041092424111818904
CQL_Walker2d,primary_3feature,4,8,70,0.24427040816326528,0.2382142857142857,0.15282983630412136,0.04186642267703533
CQL_Walker2d,primary_3feature,4,9,70,0.146719387755102,0.1517857142857143,0.2900469457311277,0.16962220917003146
CQL_Walker2d,primary_3feature,4,10,70,0.05747959183673469,0.058392857142857135,0.59588428030672,0.3503742961702834
CQL_Walker2d,action_only_sensitivity,0,1,70,0.8571428571428571,0.8571428571428572,1.855658484016333e-15,0.0
CQL_Walker2d,action_only_sensitivity,0,2,70,0.8298367346938776,0.8380357142857142,0.0031943320444096993,0.00028284021222901856
CQL_Walker2d,action_only_sensitivity,0,3,70,0.7262397959183671,0.7267857142857144,0.022921266701391958,0.010347193170782365
CQL_Walker2d,action_only_sensitivity,0,4,70,0.6263622448979592,0.624642857142857,0.045350494881080755,0.023799008396057975
CQL_Walker2d,action_only_sensitivity,0,5,70,0.5231479591836733,0.5217857142857143,0.0814686583757006,0.023191649289309613
CQL_Walker2d,action_only_sensitivity,0,6,70,0.4337704081632653,0.4367857142857143,0.10152307870369455,0.054511439804011186
CQL_Walker2d,action_only_sensitivity,0,7,70,0.32920918367346946,0.32767857142857143,0.1472274658016887,0.07970291450894229
CQL_Walker2d,action_only_sensitivity,0,8,70,0.24340816326530615,0.24374999999999997,0.20986228277185295,0.10491144469779323
CQL_Walker2d,action_only_sensitivity,0,9,70,0.15079081632653063,0.14785714285714285,0.3763988962883804,0.3388948832588565
CQL_Walker2d,action_only_sensitivity,0,10,70,0.06520408163265307,0.06999999999999995,0.7028696344946491,0.5427892521927618
CQL_Walker2d,action_only_sensitivity,1,1,70,0.8571428571428571,0.8571428571428572,3.197442310920451e-15,0.0
CQL_Walker2d,action_only_sensitivity,1,2,70,0.8493826530612247,0.8555357142857143,0.001509933223091431,0.00021614541023540212
CQL_Walker2d,action_only_sensitivity,1,3,70,0.7906377551020409,0.7819642857142857,0.005836890818271834,0.002345238287726925
CQL_Walker2d,action_only_sensitivity,1,4,70,0.7050204081632653,0.7064285714285714,0.010083302517677988,0.005078516991363191
CQL_Walker2d,action_only_sensitivity,1,5,70,0.6169132653061223,0.6228571428571429,0.015150367889235218,0.009370872202403069
CQL_Walker2d,action_only_sensitivity,1,6,70,0.5245663265306123,0.5239285714285714,0.021875655696327545,0.01658865074904936
CQL_Walker2d,action_only_sensitivity,1,7,70,0.4279693877551021,0.41892857142857143,0.031736934806028606,0.024093586804333933
CQL_Walker2d,action_only_sensitivity,1,8,70,0.34039285714285716,0.3401785714285714,0.05428531540884007,0.048570989848792046
CQL_Walker2d,action_only_sensitivity,1,9,70,0.2390816326530612,0.23928571428571432,0.07907586690967591,0.05785955280495303
CQL_Walker2d,action_only_sensitivity,1,10,70,0.10723979591836735,0.11357142857142855,0.15427784147434276,0.10230648052860891
CQL_Walker2d,action_only_sensitivity,2,1,70,0.8571428571428571,0.8571428571428572,3.156581300155027e-08,0.0
CQL_Walker2d,action_only_sensitivity,2,2,70,0.8468010204081633,0.8535714285714285,0.0010194074818431836,3.202958800763156e-05
CQL_Walker2d,action_only_sensitivity,2,3,70,0.785484693877551,0.7891071428571428,0.006287148775994605,0.0030600044218527245
CQL_Walker2d,action_only_sensitivity,2,4,70,0.6992142857142858,0.6998214285714286,0.009361290506011024,0.005453479401189121
CQL_Walker2d,action_only_sensitivity,2,5,70,0.6099438775510204,0.6092857142857142,0.020418557376712228,0.011093578816972816
CQL_Walker2d,action_only_sensitivity,2,6,70,0.5107857142857144,0.5132142857142857,0.023911318878517208,0.014394997427945033
CQL_Walker2d,action_only_sensitivity,2,7,70,0.4090204081632653,0.4132142857142857,0.04417996245218005,0.02694745039911517
CQL_Walker2d,action_only_sensitivity,2,8,70,0.2999948979591837,0.29196428571428573,0.08860964214594125,0.039553756093529735
CQL_Walker2d,action_only_sensitivity,2,9,70,0.1995,0.20464285714285713,0.1563305915899318,0.08686368794026134
CQL_Walker2d,action_only_sensitivity,2,10,70,0.08771428571428572,0.09375,0.271123878060694,0.18362983254263143
CQL_Walker2d,action_only_sensitivity,3,1,70,0.8571428571428571,0.8571428571428572,1.0911906299172968e-15,0.0
CQL_Walker2d,action_only_sensitivity,3,2,70,0.8236887755102043,0.8407142857142857,0.0023758927560755387,0.0004520859117445042
CQL_Walker2d,action_only_sensitivity,3,3,70,0.6768622448979592,0.6771428571428572,0.0066440922807464555,0.003474987252020334
CQL_Walker2d,action_only_sensitivity,3,4,70,0.5513163265306122,0.5466071428571428,0.014222814710461471,0.006967722763404183
CQL_Walker2d,action_only_sensitivity,3,5,70,0.44660714285714287,0.43910714285714286,0.021532563018469796,0.010484915176872
CQL_Walker2d,action_only_sensitivity,3,6,70,0.34052551020408167,0.3439285714285714,0.028039625346724162,0.013536396156997199
CQL_Walker2d,action_only_sensitivity,3,7,70,0.23208163265306123,0.22749999999999998,0.04371004128979277,0.02402012605725723
CQL_Walker2d,action_only_sensitivity,3,8,70,0.12894387755102044,0.135,0.09157779812983405,0.03678400302718998
CQL_Walker2d,action_only_sensitivity,3,9,70,0.04440816326530611,0.041428571428571426,0.12292506672464466,0.05179940047343923
CQL_Walker2d,action_only_sensitivity,3,10,70,0.006387755102040804,0.0050000000000000044,0.27322168526649465,0.12131515764469292
CQL_Walker2d,action_only_sensitivity,4,1,70,0.8571428571428571,0.8571428571428572,1.2942028401344681e-15,0.0
CQL_Walker2d,action_only_sensitivity,4,2,70,0.8382244897959181,0.8503571428571428,0.0010221581509722553,0.00018014901227658697
CQL_Walker2d,action_only_sensitivity,4,3,70,0.7405408163265306,0.7389285714285714,0.010465079097767957,0.004023236035267885
CQL_Walker2d,action_only_sensitivity,4,4,70,0.6402397959183673,0.6355357142857143,0.020904118261717574,0.006811241683203129
CQL_Walker2d,action_only_sensitivity,4,5,70,0.5441173469387754,0.5478571428571428,0.07473184285347952,0.012167884159676845
CQL_Walker2d,action_only_sensitivity,4,6,70,0.4377857142857142,0.43875,0.10184131679111272,0.025536902316312116
CQL_Walker2d,action_only_sensitivity,4,7,70,0.33612755102040814,0.33714285714285713,0.1350256061537042,0.035354220569111305
CQL_Walker2d,action_only_sensitivity,4,8,70,0.23667857142857138,0.23500000000000004,0.1407719086456267,0.047071030307748174
CQL_Walker2d,action_only_sensitivity,4,9,70,0.14481632653061222,0.14500000000000002,0.2684718145307033,0.12381101128040495
CQL_Walker2d,action_only_sensitivity,4,10,70,0.05709693877551021,0.06232142857142858,0.6305207371238892,0.4100382334831725
